Cell,Cycle,Discharge_Capacity_mAh,SOH,Mean_Voltage_V,Min_Voltage_V,Max_Voltage_V,Std_Voltage_V,Mean_Temp_C,Max_Temp_C,Discharge_Duration_hr,Energy_Wh,EOL_Cycle,RUL,Voltage_Drop_Rate,Capacity_Fade_Pct,Internal_Resist_Proxy,EOL_Class
Cell1,0,739.1109210621779,99.8798541975916,3.7350762212583146,2.6998193,4.1912351,0.2453883357600442,40.41933992433481,41.174809,0.0417399322614073,2.7608454010536603,8200,8200,35.73029444239147,0.12014580240840189,0.6164309172184939,0
Cell1,100,730.1929494056872,98.67472289266044,3.7356805096774193,2.6998594,4.1926785,0.2449379542464282,40.32711510434782,41.124866,0.0412447227863594,2.727949260377376,8200,8100,36.193306824379356,1.3252771073395593,0.6175648517872718,0
Cell1,200,725.7467375962049,98.0738834589466,3.736424317212189,2.7000198,4.1929593,0.2444333473553329,40.3272975846501,41.1124,0.0409969992469996,2.7119556599527552,8200,8000,36.414935543696295,1.9261165410534034,0.6169391659294745,0
Cell1,300,722.8431973239306,97.6815131518825,3.736473817903683,2.6999636,4.192502,0.2438919794417741,40.32204489546742,41.124866,0.0408340713474899,2.701133331546581,8200,7900,36.55040509906555,2.3184868481175016,0.6162543001301581,0
Cell1,400,718.3668958430143,97.07660754635327,3.7376955802965495,2.7001641,4.1927824,0.2427472093769365,40.31472582321072,41.124866,0.0405774272512644,2.6851345731661613,8200,7800,36.78354241670346,2.923392453646727,0.6149821887884461,0
Cell1,500,714.9787006955092,96.61874333723098,3.738026414981381,2.6998432,4.1929832,0.2423992122579503,40.334303672300194,41.124866,0.040390201495029,2.6727501791195025,8200,7700,36.96696173258828,3.381256662769019,0.6148064662413766,0
Cell1,600,711.6204053941345,96.16491964785602,3.738322718618705,2.6999636,4.1929431,0.2418621813790116,40.30517850503597,41.087425,0.0402071855496615,2.6603619391426845,8200,7600,37.13123284700344,3.835080352143976,0.6143518667314795,0
Cell1,700,709.5321170323996,95.88271851789185,3.738288945151954,2.7002044,4.1923819,0.2414619845741225,40.36040864196815,41.174809,0.0399721638532355,2.6525758764311664,8200,7500,37.329481986430764,4.1172814821081545,0.6136391281730353,0
Cell1,800,705.8480111354505,95.38486636965548,3.738883878062264,2.7002444,4.1927028,0.2409951970047458,40.378438329938895,41.174809,0.0397640323499217,2.6392316569202903,8200,7400,37.53192973330849,4.615133630344516,0.613268813429373,0
Cell1,900,702.5449768529222,94.93851038553002,3.7392403858520895,2.700084,4.1927428,0.2404463248957444,40.38455092692195,41.212246,0.0395796331577003,2.627119555564413,8200,7300,37.711847459661165,5.061489614469977,0.6128411001998796,0
Cell1,1000,699.4156477527364,94.5156280746941,3.739524627128597,2.6999238,4.1925821,0.2399665600022667,40.36335875513799,41.174809,0.0394058881793171,2.6156172773703066,8200,7200,37.87810631501294,5.484371925305894,0.6122398282045989,0
Cell1,1100,696.2835912151658,94.09237719123864,3.739851762518431,2.6998034,4.192502,0.2396157331768884,40.43320337776467,41.262188,0.0392295748461037,2.604184823993977,8200,7100,38.04936853093938,5.90762280876136,0.6116895101102288,0
Cell1,1200,693.2672854322545,93.68476830165602,3.7402309427428913,2.6999238,4.192462,0.2388576745032626,40.39325026984597,41.212246,0.0390602701809257,2.5930851983305407,8200,7000,38.21018090519832,6.315231698343979,0.6111230503474442,0
Cell1,1300,690.3687943593548,93.29308031883173,3.7403440400654375,2.7000439,4.1925821,0.2384749289870173,40.39081635336109,41.187275,0.0388964681187644,2.5823526895527604,8200,6900,38.37108871566861,6.706919681168273,0.6111325134250846,0
Cell1,1400,687.6192406848993,92.92151901147288,3.7404744912809793,2.6999638,4.1921811,0.2382340783885831,40.38382992624664,41.19978,0.0387420521583408,2.572234228625722,8200,6800,38.515739387320004,7.078480988527119,0.6104143361067847,0
Cell1,1600,681.8263154580586,92.13869127811604,3.741289383253013,2.700078,4.1921754,0.2364731859458066,0.5208844480873495,0.52218843,0.0384117726935073,2.5510130812863,8200,6600,38.8437828194631,7.861308721883958,0.6093054280364689,0
Cell1,1800,675.8871270316637,91.33609824752212,3.7415144606502575,2.6999977,4.1914935,0.2356224800548839,40.42639107323001,41.312096,0.038075027288869,2.528965405436824,8200,6400,39.171518306901156,8.663901752477884,0.6080797829050574,0
Cell1,1900,672.743285643124,90.91125481663838,3.741878111050061,2.7002168,4.1912713,0.2349247385275411,40.36162140628815,41.262188,0.0379022519337013,2.517431449499285,8200,6300,39.338432032377774,9.088745183361624,0.6072880931755938,0
Cell1,2000,669.7317983178508,90.50429706997984,3.74182866385653,2.7001567,4.191412,0.2347051376183848,40.2979442066217,41.174809,0.0377347866306081,2.5062305431472,8200,6200,39.51833082473544,9.495702930020158,0.6075450488425265,0
Cell1,2100,667.4184829442038,90.19168688435188,3.742031670153846,2.7000365,4.1919732,0.2346776602880778,40.36416039661538,41.212246,0.037601477233693,2.497606259304787,8200,6100,39.67655350810711,9.808313115648119,0.608029094386694,0
Cell1,2200,663.9526202195469,89.72332705669554,3.742237545485467,2.700186,4.1909199,0.233930539768348,40.378259337662335,41.249683,0.0374081037007272,2.48492589210578,8200,6000,39.84949524388154,10.276672943304462,0.6063275061007204,0
Cell1,2300,661.4396086354981,89.38373089668893,3.742374365259236,2.700146,4.1914811,0.2339445927821,40.42450364638311,41.299629,0.0372639660490676,2.4754944335831093,8200,5900,40.01976274542491,10.616269103311069,0.6069009928929241,0
Cell1,2400,658.2324497447104,88.95033104658249,3.742677382189645,2.6999531,4.1907272,0.2329500122475722,40.45575250062383,41.362038,0.0370853282511234,2.463785050781882,8200,5800,40.197403471853335,11.049668953417509,0.6054727267707508,0
Cell1,2500,656.3019662937012,88.68945490455421,3.742594369680851,2.7001135,4.1912084,0.233313177153429,40.48525785951189,41.337067,0.0369739432353526,2.456424401177236,8200,5700,40.32717212055999,11.31054509544579,0.6062351761069582,0
Cell1,2600,652.7810452742547,88.21365476679117,3.743323448537276,2.7001178,4.1903305,0.2315120533960982,40.51860900062913,41.411942,0.0367768675787374,2.4437289831716016,8200,5600,40.51927961319718,11.786345233208834,0.6040635830577351,0
Cell1,2700,651.274269703515,88.01003644642094,3.742668808984868,2.6999974,4.1911726,0.2328698605617392,40.477341894073135,41.312096,0.0366915361955761,2.4377429999392426,8200,5500,40.63974188243183,11.98996355357906,0.6060862040745023,0
Cell1,2800,648.8501025188361,87.68244628632921,3.7428102753481007,2.6998773,4.1908917,0.2326161899839652,40.51885063259493,41.374504,0.0365547788096591,2.428722114808067,8200,5400,40.787378864597756,12.31755371367079,0.6055154387187827,0
Cell1,2900,645.0218397585212,87.16511348088125,3.743819211461318,2.6999574,4.1902499,0.2298853784711266,40.43651746259153,41.3246,0.0363412681035697,2.414926630436002,8200,5300,41.00714065927044,12.834886519118754,0.6032847142414627,0
Cell1,3000,644.1689847636143,87.04986280589382,3.743515298565508,2.6999574,4.1908517,0.2315352395937419,40.57025249569653,41.424446,0.0362901176558807,2.411626763218897,8200,5200,41.08152066676324,12.950137194106176,0.6045086505871511,0
Cell1,3100,642.0891597582703,86.76880537273924,3.74304625001599,2.6999574,4.1905308,0.2316311775803966,40.50840361752478,41.411942,0.0361752446042373,2.4035221542449063,8200,5100,41.20309933512032,13.231194627260763,0.604708851329744,0
Cell1,3200,638.7729233128966,86.3206653125536,3.743688392928319,2.6999974,4.1899695,0.2296006747956672,40.50111671777564,41.374504,0.0359885990619659,2.391548392340568,8200,5000,41.400074989293635,13.6793346874464,0.6030825771238936,0
Cell1,3300,637.8192441609972,86.1917897514861,3.743018325434643,2.7000377,4.1902905,0.2310404378327593,40.464052947520926,41.299629,0.0359367199707776,2.38743955112474,8200,4900,41.46765017958244,13.808210248513902,0.6044218575207524,0
Cell1,3500,632.2030179733683,85.43284026667139,3.745066382884053,2.7001004,4.1891098,0.2279563002159852,40.24412404839234,41.162304,0.0356236615916714,2.3677238003564005,8200,4700,41.797152126439045,14.567159733328609,0.6000586717783065,0
Cell1,3600,631.7444982024535,85.3708781354667,3.7448143585310367,2.7000604,4.1906738,0.2297339635078716,40.3355198316542,41.187275,0.0355966185452416,2.365918261954021,8200,4600,41.87396407165706,14.629121864533303,0.6025127587418422,0
Cell1,3700,629.5202834064332,85.07030856843693,3.745079740834964,2.7001407,4.1906338,0.2292529632403978,40.5014688613829,41.761467,0.0354712131666019,2.3577209958575533,8200,4500,42.01861025698113,14.929691431563072,0.6021000799527507,0
Cell1,3800,625.4908168324312,84.52578605843665,3.746724126329613,2.7000203,4.1892705,0.2262800836091258,40.436845348653975,41.349533,0.0352425690507516,2.34360788867623,8200,4400,42.25594172529586,15.474213941563349,0.5980356400951178,0
Cell1,3900,625.2583088284471,84.49436605789825,3.745678815829228,2.7000203,4.1904335,0.2283966836055194,40.45294666469622,41.337067,0.0352293273899704,2.342114456326274,8200,4300,42.304835362509316,15.505633942101753,0.6010198434740164,0
Cell1,4000,623.5531647570597,84.26394118338645,3.745202498946328,2.6998999,4.1900325,0.2289474831255312,40.50196408396444,41.399475,0.0351318548200652,2.335519116490986,8200,4200,42.41421904458929,15.73605881661355,0.6011216230455025,0
Cell1,4100,620.4774481988763,83.84830381065896,3.7457507333884847,2.6999803,4.1888294,0.2268867900957133,40.480764504632695,41.349533,0.0349584092618897,2.324338150846298,8200,4100,42.58793645071798,16.15169618934104,0.5987549548804265,0
Cell1,4200,619.5186640586243,83.71873838630057,3.7449785352336753,2.6998746,4.1889644,0.2279066115297945,40.49315957772621,41.337067,0.0349072496173903,2.32014436216358,8200,4000,42.65724624755111,16.281261613699428,0.5999808983328708,0
Cell1,4300,617.6078318476868,83.46051781725498,3.744233138663564,2.699995,4.1890845,0.2290973449325357,40.46304824501329,41.312096,0.0347982005914673,2.312619380888017,8200,3900,42.790911132743716,16.53948218274502,0.6011504882924807,0
Cell1,4400,615.7261856172588,83.20624129962957,3.743838164254752,2.7001956,4.1890445,0.2294272783305183,40.46354685228409,41.312096,0.034692098503001,2.30536708181623,8200,3800,42.91484370792688,16.793758700370432,0.6016301834395241,0
Cell1,4500,612.7444427379218,82.80330307269213,3.744812294436997,2.7001154,4.1876011,0.226607564123942,40.44848086729222,41.299629,0.0345238398294895,2.2947004171586216,8200,3700,43.08450690419886,17.19669692730787,0.5983632507608151,0
Cell1,4600,612.349611637397,82.74994751856715,3.743229158699296,2.7001956,4.1886034,0.2297575054232149,40.41249004391552,41.237221,0.0345033096382394,2.292418595727547,8200,3600,43.13686654233105,17.250052481432846,0.6018570828387892,0
Cell1,4800,608.8768448422716,82.28065470841508,3.743092674679704,2.7000346,4.1880417,0.2297771779929879,40.44707384592043,41.274654,0.0343071480747312,2.279324907271022,8200,3400,43.37182807882173,17.719345291584915,0.6012824666490492,0
Cell1,5000,604.2869401481527,81.66039731731793,3.7426474184782608,2.6999638,4.1868477,0.2281518765212736,40.39047319327445,41.237221,0.0340522149344906,2.261878497846197,8200,3200,43.66353963525537,18.33960268268207,0.6002706507050536,0
Cell1,5100,603.2069763171048,81.51445625906821,3.742452598944861,2.6998434,4.1875696,0.2293833637599309,40.39145060585432,41.19978,0.0339897663798183,2.2575893081521072,8200,3100,43.76853947262935,18.48554374093179,0.6015094608853228,0
Cell1,5200,599.8239008415256,81.05728389750347,3.746168614818617,2.7001359,4.1864986,0.2248110309453284,40.68457642231349,41.524292,0.033802613033913,2.2471957433956464,8200,3000,43.97052760333127,18.942716102496533,0.5950405205153829,0
Cell1,5300,599.8621534882067,81.06245317408198,3.7438703691991786,2.7002161,4.1877818,0.2283314491144498,40.6943075797399,41.499325,0.0338022526120767,2.24596394027107,8200,2900,44.00658472340456,18.93754682591802,0.5998803118930016,0
Cell1,5400,598.158701601549,80.8322569731823,3.743461799588195,2.7000957,4.187541,0.2289115249300936,40.690422556280026,41.486858,0.0337079702876508,2.239374521295144,8200,2800,44.12609721706398,19.167743026817703,0.6001070275835206,0
Cell1,5500,594.2801484523485,80.30812816923628,3.745942169810017,2.6999755,4.1858168,0.2242088875696637,40.75604489671848,41.611675,0.033486932516098,2.2263525880845147,8200,2700,44.369454557570556,19.691871830763716,0.5944251759324088,0
Cell1,5600,594.4675726175096,80.33345575912291,3.7433909733080113,2.7000556,4.1870198,0.2283156559936313,40.74882361740332,41.524292,0.0334987622918561,2.2255304058792347,8200,2600,44.38730600669025,19.666544240877087,0.5994984144486332,0
Cell1,5700,592.857351306983,80.11585828472742,3.7431510420013856,2.7000155,4.18714,0.2287645318802681,40.76850227977839,41.599209,0.0334080656757578,2.219326393941108,8200,2500,44.512603687659656,19.884141715272577,0.5999850783765064,0
Cell1,5800,590.4253670448167,79.78721176281306,3.7434535819541033,2.6997349,4.1853757,0.2269935044955141,40.78144194193324,41.599209,0.0332694763783365,2.210397079513059,8200,2400,44.653427354209725,20.212788237186942,0.5971920514133737,1
Cell1,5900,589.4471143131173,79.65501544771854,3.74281777457332,2.699775,4.1865387,0.2288438858608117,40.74627928282828,41.574238,0.0332162464037537,2.206271503961757,8200,2300,44.75878830919557,20.34498455228146,0.5996228721982158,1
Cell1,6000,588.1173065952115,79.4753117020556,3.742406814869109,2.6998951,4.1865788,0.229435671415093,40.766930744502616,41.561733,0.0331413298845291,2.201156031979706,8200,2200,44.85754939920464,20.524688297944394,0.6002324123390425,1
Cell1,6100,585.5603691386312,79.12977961332854,3.743898426673677,2.7000136,4.1843314,0.2259617323832008,40.803082363477046,41.624142,0.0329992288025096,2.1925209769195124,8200,2100,44.9790154147998,20.870220386671463,0.5951796936842197,1
Cell1,6200,585.7463794615072,79.15491614344691,3.742171771784087,2.7002141,4.1862559,0.2288839224679095,40.79044699754644,41.574238,0.0330083785811439,2.1920357324820405,8200,2000,45.01877538672837,20.84508385655309,0.6001136867782604,1
Cell1,6300,584.1518310216064,78.9394366245414,3.7415346047435,2.6997731,4.1860957,0.2298782166870884,40.77253225404076,41.5368,0.0329196380916982,2.1858405121084474,8200,1900,45.14865707827259,21.0605633754586,0.6007582368331085,1
Cell1,6400,581.2757619596863,78.55077864320084,3.744500366372306,2.6997731,4.1837697,0.224610236759644,40.8321776354645,41.636646,0.0327542820014059,2.1766515231909263,8200,1800,45.305566288096834,21.449221356799157,0.5936072076049916,1
Cell1,6500,581.6547783101196,78.60199706893508,3.741423582709951,2.6998935,4.1857748,0.2294695659838745,40.822366022230064,41.611675,0.0327787353890016,2.1764707827544547,8200,1700,45.329264631542735,21.398002931064923,0.6004746179595254,1
Cell1,6600,580.0334389678039,78.38289715781134,3.741068585527246,2.6998532,4.1856146,0.2299615996639052,40.82652652476999,41.586704,0.0326881267828866,2.17016061423952,8200,1600,45.45124162747061,21.617102842188658,0.6007378573956135,1
Cell1,6700,577.6338801898363,78.05863245808598,3.747703740227434,2.699935,4.1837311,0.2222877836138702,40.74415458386638,41.586704,0.0325543098151683,2.164923573316601,8200,1500,45.57769864345337,21.94136754191402,0.5892261618548191,1
Cell1,6800,577.5893924134589,78.05262059641336,3.743337786389481,2.7000153,4.185977,0.2271853389951078,40.76943933866382,41.586704,0.0325510760303586,2.1622923189971752,8200,1400,45.64875366517846,21.947379403586638,0.5981610994736747,1
Cell1,6900,576.416770813853,77.89415821808824,3.742773966631054,2.7001758,4.1858969,0.2278232757757945,40.80879391239316,41.586704,0.0324848261661827,2.1575205346171145,8200,1300,45.73444099588934,22.105841781911764,0.5988147748229005,1
Cell1,7000,573.0979789577467,77.44567283212793,3.74654244183381,2.7000954,4.18329,0.2227758292946164,40.749389394699136,41.561733,0.0322979834163561,2.147290705549884,8200,1200,45.9207827342614,22.554327167872074,0.5901994029272846,1
Cell1,7100,573.0979789577467,77.44567283212793,3.74654244183381,2.7000954,4.18329,0.2227758292946164,40.749389394699136,41.561733,0.0322979834163561,2.147290705549884,8200,1100,45.9207827342614,22.554327167872074,0.5901994029272846,1
Cell1,7200,574.9714659926825,77.6988467557679,3.742872278150661,2.6998549,4.1897063,0.228418673538743,40.78109647161728,41.574238,0.0324038491817191,2.15216803636773,8200,1000,45.976186824547426,22.301153244232097,0.6038297592558638,1
Cell1,7300,572.0375640082297,77.30237351462563,3.7411146043415857,2.7001355,4.185576,0.2288333627333886,40.80472365590241,41.574238,0.0322374559473246,2.1402570853732934,8200,900,46.07666392047767,22.69762648537437,0.6006235076465061,1
Cell1,7400,570.436583787218,77.08602483611054,3.740624219647355,2.7001355,4.1852951,0.2291698597168649,40.8119091813602,41.586704,0.0321483452571556,2.1339268369482074,8200,800,46.19564063033112,22.91397516388946,0.6009065950711424,1
Cell1,7500,568.267859513994,76.79295398837758,3.741631014631503,2.699832,4.1831069,0.2262365606161886,40.80552061054913,41.624142,0.0320250598015263,2.1263148115895736,8200,700,46.31462344079276,23.207046011622424,0.596589034281753,1
Cell1,7600,567.7929103307428,76.72877166631659,3.739830421113521,2.7001929,4.1849117,0.229720439349289,40.78884041178597,41.499325,0.0319987364346161,2.123570569438313,8200,600,46.39784465205431,23.27122833368341,0.6014611876844309,1
Cell1,7700,566.7532309264086,76.58827444951469,3.739349720608475,2.6997919,4.1847911,0.2302796814157069,40.79084076530243,41.499325,0.0319398015271872,2.1194270246678726,8200,500,46.492233412990785,23.411725550485315,0.6019478099885474,1
Cell1,7800,564.2265724626601,76.24683411657568,3.740730690942161,2.7000725,4.182024,0.2270290007522927,40.765426004728994,41.499325,0.0317959116073325,2.1108529309053163,8200,400,46.60677484344913,23.753165883424316,0.5963423095376206,1
Cell1,7900,564.3176975749817,76.25914832094347,3.738615056202255,2.6999924,4.1844702,0.230261882653334,40.770597697708254,41.486858,0.0318028732435777,2.10986962401972,8200,300,46.67600668103426,23.740851679056533,0.6025069510780334,1
Cell1,8000,563.0464545433011,76.08735872206772,3.738134389609917,2.7000725,4.1842299,0.2307670899458907,40.75151154903391,41.474392,0.0317322995979338,2.104866617444807,8200,200,46.769715686818635,23.91264127793228,0.6028317707974098,1
Cell1,8100,560.0135969052836,75.6775130953086,3.741336659054253,2.7001529,4.1815829,0.2260495163870096,40.80903719281524,41.611675,0.031558328308165,2.095332487051448,8200,100,46.94111311667956,24.322486904691402,0.5949273526293886,1
Cell1,8200,560.6495828680589,75.76345714433229,3.7374783565885794,2.6999924,4.1838288,0.2308476245042679,40.72716385102489,41.436913,0.0315978248836472,2.0956706605041417,8200,0,46.9585943611436,24.236542855667707,0.6031762748802977,1
Cell2,0,734.8189656975843,99.29986022940328,3.734724948686417,2.699652,4.1896338,0.2438523468063211,40.499935564561206,41.233673,0.0413978652795776,2.744447680111643,7700,7700,35.99088501430546,0.7001397705967207,0.6147416909643018,0
Cell2,100,726.6220579061855,98.19216998732236,3.7363482116699633,2.6999323,4.1918783,0.2442461104818016,40.42164442102288,41.183769,0.0409397764597088,2.715148145336251,7700,7600,36.44156581808541,1.8078300126776412,0.6155812004459954,0
Cell2,200,722.1571400208163,97.58880270551572,3.737390495166335,2.6999323,4.1924796,0.2434565721538369,40.414787726471424,41.158836,0.040690615423955,2.699110612475568,7700,7500,36.67948014473132,2.411197294484282,0.6149852768022506,0
Cell2,300,719.2156200035366,97.19130000047792,3.737397836682843,2.7001479,4.1920938,0.2432945333753693,40.42659569740224,41.258644,0.040521774906665,2.688244369949852,7700,7400,36.81746631212592,2.8086999995220765,0.6144540044826449,0
Cell2,400,714.5823074647996,96.56517668443236,3.73865225612069,2.7000675,4.1924543,0.2422917888071014,40.40777006666667,41.196236,0.0402630456956103,2.6716933567533947,7700,7300,37.06499866611029,3.434823315567641,0.6132460052423102,0
Cell2,500,711.1216758331502,96.09752376123652,3.7389033426097,2.7000275,4.1927352,0.2421851751303925,40.408104486431874,41.183769,0.0400709310779348,2.6590645100834376,7700,7200,37.25070541514144,3.9024762387634837,0.6132862937706766,0
Cell2,600,708.0616104027846,95.6840014057817,3.7391747736445344,2.7001479,4.1925344,0.2417241100801102,40.3824394647724,41.171303,0.0398995284922421,2.647771867999365,7700,7100,37.40267501194042,4.3159985942183,0.6126481437236028,0
Cell2,700,705.4509534216545,95.3312099218452,3.739185263133372,2.6998377,4.1922646,0.2412608452359199,40.42205248485731,41.258644,0.0397249230882152,2.6380307323074126,7700,7000,37.56808612567475,4.6687900781547995,0.6122693741440915,0
Cell2,800,701.9102314870742,94.85273398473974,3.739709528270412,2.7002387,4.1926255,0.2409896774752808,40.41304891776412,41.233673,0.0395268175052478,2.6251855915412423,7700,6900,37.75535544814402,5.147266015260257,0.6120486104453896,0
Cell2,900,699.2549903478053,94.49391761456828,3.7399610715334894,2.6999981,4.1927457,0.2405303325134385,40.4066232993537,41.233673,0.0393780986778438,2.615399697812939,7700,6800,37.90710427915093,5.506082385431725,0.6118711195493381,0
Cell2,1000,696.6637550136685,94.14375067752276,3.7403109151577705,2.6999981,4.1926656,0.2398526635111011,40.38615575287526,41.196236,0.0392330087488517,2.605854009539501,7700,6700,38.04524563255818,5.85624932247724,0.6112901146516612,0
Cell2,1100,693.9847933360154,93.78172882919128,3.740614720870338,2.699918,4.1925454,0.2394581252706107,40.43923640941385,41.258644,0.0390830527758225,2.5960420519953207,7700,6600,38.19018996216646,6.21827117080872,0.6107171339590031,0
Cell2,1200,691.2011130181581,93.4055558132646,3.740719824665676,2.6999981,4.1927857,0.2393735869247014,40.42117673521545,41.24614,0.038927378016524,2.585797345021527,7700,6500,38.34702795390944,6.594444186735402,0.6108998315328701,0
Cell2,1300,688.2824454375678,93.011141275347,3.740737267830498,2.7000782,4.1925054,0.2390951842891647,40.417546981498056,41.233673,0.0387634600047022,2.574924283706847,7700,6400,38.49988365164808,6.988858724652999,0.6104974759047324,0
Cell2,1400,685.4468687684393,92.62795523897827,3.740922772370393,2.7001183,4.1923046,0.2385467430072789,40.4119807380881,41.24614,0.0386042656609788,2.5643948065313915,7700,6300,38.65240335616348,7.372044761021726,0.6099754427427123,0
Cell2,1600,679.5110214082981,91.82581370382408,3.740926314752116,2.6999547,4.1910191,0.2374731341077727,40.49319890598549,41.408356,0.0382646360667422,2.542257164563533,7700,6100,38.96614699934201,8.174186296175918,0.6082334935782219,0
Cell2,1800,674.0054456104837,91.08181697438968,3.741050950289546,2.6999147,4.1909385,0.2366436840966758,40.4795377683633,41.383389,0.0379553583916276,2.521685688793005,7700,5900,39.28258302906343,8.918183025610318,0.6079561482573697,0
Cell2,1900,670.6497832609933,90.62834908932342,3.741091991607964,2.7001791,4.1902008,0.2362219207843167,40.4279020762634,41.370922,0.0377664323896169,2.509228978801401,7700,5800,39.452554905735134,9.371650910676578,0.6069037951243733,0
Cell2,2000,667.3525808571167,90.18278119690764,3.741242419513696,2.6998632,4.1901655,0.2357177775761877,40.38802808402585,41.296082,0.0375812194542959,2.4969946900604114,7700,5700,39.65445153691285,9.81721880309236,0.6066528114679784,0
Cell2,2100,665.2355876842753,89.89670103841559,3.741688103675108,2.7001038,4.1910877,0.2355174180980752,40.44058446602841,41.345989,0.0374634426552802,2.48919535887668,7700,5600,39.79730630771474,10.103298961584414,0.6072967517903943,0
Cell2,2200,661.5433404840155,89.39774871405615,3.74182640704969,2.7000377,4.1900196,0.2343666722052274,40.44185112701863,41.383389,0.0372544393176212,2.4754832794703434,7700,5500,39.99367413969169,10.60225128594385,0.6056664769598787,0
Cell2,2300,659.7519802009176,89.155673000124,3.741724964819428,2.7000377,4.1909413,0.235269826513349,40.48383985367372,41.395889,0.0371543342480436,2.468852681339498,7700,5400,40.12623302072712,10.844326999876003,0.6070491015953682,0
Cell2,2400,656.2873914063993,88.68748532518909,3.74210344344288,2.7001731,4.190115,0.2340602035560842,40.498462128638494,41.420822,0.0369582218118011,2.4561251330930007,7700,5300,40.313129632081704,11.312514674810913,0.605421022374486,0
Cell2,2500,654.6501051945633,88.46623043169774,3.74209920844054,2.6999326,4.1911569,0.2345853474554429,40.52083827016003,41.458263,0.0368672721087932,2.4499647030787,7700,5200,40.447360689961336,11.533769568302262,0.6068347183235948,0
Cell2,2600,650.3893528573778,87.89045308883485,3.7423109418825016,2.7001457,4.189045,0.2327078829899714,40.538349725837016,41.495701,0.0366256661945953,2.434132158221514,7700,5100,40.65069127748527,12.109546911165154,0.6036946731317548,0
Cell2,2700,649.6653133077699,87.79260990645538,3.741924070218147,2.7000253,4.1902876,0.2340541358369395,40.5203169203288,41.433331,0.0365863371407613,2.431256057548897,7700,5000,40.73164150390504,12.207390093544618,0.6058966618673685,0
Cell2,2800,647.1329168947415,87.45039417496507,3.742131995015873,2.7000253,4.1902876,0.2334663484125095,40.532147353968256,41.433331,0.0364439224358648,2.4217652731608053,7700,4900,40.890807289342966,12.54960582503493,0.605615682410982,0
Cell2,2900,642.1348249865453,86.77497634953313,3.742777786756238,2.7000654,4.1884842,0.2313416323836887,40.476797472488805,41.420822,0.0361627032980322,2.403541037963421,7700,4800,41.15780919154346,13.225023650466866,0.602305963842922,0
Cell2,3000,641.7052831471693,86.71693015502288,3.742834008450704,2.6998651,4.1899672,0.2326731087849297,40.56020144590269,41.47073,0.0361380808753892,2.4019960937397014,7700,4700,41.23242937854469,13.28306984497712,0.6042340426341838,0
Cell2,3100,638.9952205493706,86.35070547964469,3.742496210318226,2.7001057,4.1897264,0.2328109585050071,40.52496510928962,41.458263,0.0359859023010358,2.391668590563832,7700,4600,41.39341273497509,13.649294520355312,0.604365121191586,0
Cell2,3200,634.9703545346578,85.80680466684565,3.743120599061793,2.7000253,4.1882434,0.2305460901054246,40.51619373600776,41.495701,0.0357589671621099,2.3769183720066622,7700,4500,41.61687546449617,14.19319533315435,0.601517298565145,0
Cell2,3300,634.2086228227167,85.70386794901577,3.742876527793975,2.7000253,4.1892457,0.2317680102737671,40.50242343634597,41.420822,0.0357170675415545,2.373831817896812,7700,4400,41.69375619964424,14.296132050984227,0.6032015840621957,0
Cell2,3500,627.7048777025079,84.82498347331187,3.744556815445026,2.6999314,4.1872678,0.2292811245803516,40.33287734882199,41.321014,0.0353501337813213,2.350694603008339,7700,4200,42.073230499494564,15.175016526688125,0.5982580872364512,0
Cell2,3600,628.1200744890406,84.88109114716764,3.744722449313276,2.7000515,4.1893921,0.2306225952656949,40.398446917266185,41.333481,0.0353749914793297,2.3523214663409706,7700,4100,42.10032108556523,15.118908852832362,0.6009049333604382,0
Cell2,3700,626.1354826394687,84.61290305938766,3.7450205639763774,2.6996908,4.1895924,0.2300492615002153,40.55692658234908,41.994781,0.0352630306733772,2.345005812276035,7700,4000,42.24989519206637,15.387096940612338,0.6007727513832744,0
Cell2,3800,621.1583132684733,83.94031260384774,3.7462032114418,2.6999314,4.1875482,0.2275140878081155,40.46475623445768,41.420822,0.0349816592643037,2.327168371123628,7700,3900,42.524405842352984,16.059687396152256,0.5964121467002704,0
Cell2,3900,621.4628930235764,83.98147203021303,3.745827006876033,2.7000916,4.1892719,0.2289777038940275,40.46984868297521,41.395889,0.0349995960714295,2.327956489308049,7700,3800,42.547283965132145,16.018527969786973,0.599249855572928,0
Cell2,4000,619.5183548363003,83.71869659950005,3.745396382592838,2.7000115,4.188911,0.2295469331961203,40.50697336140584,41.420822,0.034889873699285,2.320509243484088,7700,3700,42.67303572941228,16.28130340049995,0.5993440775772463,0
Cell2,4100,615.5350095355564,83.1804066939941,3.745742356256256,2.6998913,4.1874681,0.2280156813416639,40.48787027360694,41.408356,0.0346649880520999,2.305896743231517,7700,3600,42.91170924550901,16.8195933060059,0.5969266807347896,0
Cell2,4200,614.8821184840259,83.09217817351701,3.745331291613765,2.6999724,4.1879902,0.2286126970528244,40.49283479452056,41.395889,0.0346277797361835,2.303029146025358,7700,3500,42.970552567440734,16.907821826482987,0.5981877140354526,0
Cell2,4300,612.8973459219055,82.82396566512237,3.7446850448056304,2.7000124,4.1884708,0.2298914512546784,40.46622335321716,41.345989,0.0345172657398507,2.295315013662946,7700,3400,43.120891739401685,17.176034334877627,0.5997104799923916,0
Cell2,4400,610.9128049558445,82.5557844534925,3.744542099798252,2.6999724,4.1879902,0.2297794915803884,40.45096029354405,41.345989,0.0344057424226775,2.2877162332270125,7700,3300,43.24785478730025,17.444215546507493,0.5992541894618214,0
Cell2,4500,607.28245491411,82.06519661001485,3.745406985554804,2.7000926,4.1860662,0.2272760462608716,40.4685902297023,41.383389,0.034200613037683,2.274592274577503,7700,3200,43.44747127460827,17.93480338998515,0.5954854249259405,0
Cell2,4600,606.9661398070712,82.02245132527989,3.7443915983417937,2.699852,4.1875491,0.2297765316638459,40.4315713177665,41.296082,0.0341837384039536,2.272887310532868,7700,3100,43.51933551224549,17.97754867472011,0.5988614887273058,0
Cell2,4800,603.2893260278694,81.52558459836072,3.744344910010214,2.6998186,4.1875157,0.2296818715091171,40.468160961865856,41.321014,0.0339767987607046,2.259066892888242,7700,2900,43.78438728410284,18.474415401639277,0.5988794459321425,0
Cell2,5000,565.6961522931484,76.4454259855606,3.720027082788671,2.7001085,4.1616712,0.2331278770977881,40.49576631989833,41.420822,0.0318597242003306,2.104533388731321,7700,2700,45.8734927307407,23.554574014439396,0.5968163746099038,1
Cell2,5100,577.9189479132826,78.09715512341657,3.723112667164179,2.699908,4.1748586,0.2373696882318998,40.490651550106605,41.420822,0.0325493884738534,2.1518669518877704,7700,2600,45.31284169418675,21.90284487658343,0.610467476805164,1
Cell2,5200,575.4802012975294,77.76759476993641,3.726550581263383,2.7000628,4.1714859,0.2325884828217006,40.677804366167024,41.720291,0.032411687192507,2.144748226933081,7700,2500,45.39651684110155,22.23240523006359,0.6012639442386725,1
Cell2,5300,580.878875800554,78.49714537845325,3.725174959618105,2.6999424,4.1780195,0.236605506483729,40.6727544013437,41.607975,0.0327165734488517,2.1639906147026755,7700,2400,45.17685586648778,21.502854621546746,0.6119520815971561,1
Cell2,5400,581.026022733551,78.51703009912852,3.725124242806645,2.7001429,4.1786609,0.2373924833781139,40.6631660661011,41.607975,0.0327253304421901,2.164560019412679,7700,2300,45.17823966276174,21.48296990087148,0.6128873745856143,1
Cell2,5500,575.9512937736342,77.83125591535598,3.7287732057417977,2.7000628,4.1758952,0.2321170097346181,40.72938213908702,41.782658,0.032438701018691,2.147713466983849,7700,2200,45.49463631460906,22.16874408464402,0.6042189111597331,1
Cell2,5600,578.8701634543729,78.22569776410445,3.726406030553584,2.7000227,4.1796227,0.2360709490982672,40.703107674237046,41.657917,0.0326034625759348,2.1571721509853856,7700,2100,45.38029101243602,21.774302235895547,0.6124549587113735,1
Cell2,5700,578.0391777470296,78.11340239824725,3.7261847305614784,2.6999824,4.1801038,0.2368182695128531,40.701196590262974,41.670383,0.0325569743290543,2.153950058556411,7700,2000,45.46110224920104,21.886597601752754,0.6134041478898946,1
Cell2,5800,575.294154472195,77.74245330705338,3.725780064905391,2.6998622,4.1775784,0.2352857110840918,40.75148059478758,41.732754,0.0324020297266542,2.143575662613152,7700,1900,45.604260233247714,22.25754669294662,0.61053829066839,1
Cell2,5900,574.6726428197767,77.65846524591576,3.7257279005718367,2.7000227,4.1799836,0.2374994116633714,40.69348293781272,41.68285,0.0323672752128914,2.141224703106244,7700,1800,45.72257527675036,22.341534754084236,0.6138590532813016,1
Cell2,6000,573.0003167713386,77.43247523937008,3.725514870322581,2.7001028,4.1800237,0.2377937208802277,40.68753851505377,41.645412,0.0322733010398224,2.134896424734585,7700,1700,45.85446786822632,22.567524760629922,0.6142011211857006,1
Cell2,6100,567.463746839281,76.68429011341635,3.7273301254071662,2.699995,4.1764288,0.233617350683626,40.77465250850525,41.832565,0.0319601801456883,2.1153182106834065,7700,1600,46.19459585878832,23.315709886583647,0.6068901008011268,1
Cell2,6200,570.4755641019322,77.09129244620705,3.725548339704824,2.7000754,4.179956,0.2375107305305517,40.71492984665227,41.707825,0.0321308658458292,2.125573987208221,7700,1500,46.05647885810815,22.90870755379295,0.6140644058042914,1
Cell2,6300,568.8010284364556,76.86500384276427,3.725475499097148,2.7001555,4.1802769,0.2372964653257121,40.67429842759119,41.607975,0.0320368569809943,2.119108569418972,7700,1400,46.19913875257158,23.134996157235733,0.6145964877065568,1
Cell2,6400,562.7251821399774,76.04394353242938,3.728757300948905,2.6998749,4.1767492,0.2322984610034053,40.791810111313865,41.882507,0.0316935088485479,2.098468140560349,7700,1300,46.59716631222267,23.95605646757062,0.6053944581771553,1
Cell2,6500,565.7941735212776,76.45867209746994,3.725490511070781,2.699955,4.1798759,0.2367468402992937,40.73718843629764,41.74522,0.0318673707079142,2.108050533891728,7700,1200,46.43854916726181,23.541327902530057,0.6140343093638093,1
Cell2,6600,563.8357095455017,76.19401480344618,3.725413121020036,2.7002356,4.179996,0.2369490512092797,40.73125694790528,41.607975,0.0317581258714199,2.1005913818440622,7700,1100,46.5932345238645,23.80598519655382,0.6143011878107624,1
Cell2,6700,561.4334759774204,75.86938864559734,3.729484167264082,2.7000074,4.1719518,0.2297387461449509,40.76478154206291,41.832565,0.031620992696844,2.0941170498660147,7700,1000,46.548122824242704,24.13061135440266,0.5979292334269168,1
Cell2,6800,564.0030095218641,76.21662290836001,3.7274463357611074,2.7000475,4.1805296,0.2346807332807171,40.75002358739986,41.74522,0.0317670907825231,2.1024110850579243,7700,900,46.60280374212706,23.78337709163999,0.6122746814039087,1
Cell2,6900,562.1277485994194,75.96320927019181,3.726720329302156,2.6998072,4.1806498,0.2355783821163611,40.74851978662769,41.707825,0.0316621584352105,2.095025148776564,7700,800,46.76863184796035,24.03679072980819,0.6134182036457355,1
Cell2,7000,556.2119202810296,75.16377301094995,3.732866242577548,2.6999273,4.177844,0.2291788914004179,40.75696646602659,41.882507,0.0313279695110395,2.076379547018072,7700,700,47.174124239203636,24.836226989050047,0.601321293814125,1
Cell2,7100,556.3346788557027,75.18036200752739,3.727440615060908,2.7000074,4.177804,0.2313574990405141,40.79921174529347,41.732754,0.0313381546875461,2.0738431634657166,7700,600,47.154960455498916,24.819637992472607,0.6085991688366108,1
Cell2,7200,556.887525681366,75.25507103802244,3.7253725194321534,2.7000475,4.1802492,0.2353964079936868,40.793339510693215,41.757725,0.0313662532716989,2.074869162539452,7700,500,47.18939485005886,24.744928961977564,0.6146982169835771,1
Cell2,7300,557.1166198494262,75.28602970938192,3.723404574050866,2.7002881,4.1798482,0.2361926106681307,40.76509362476963,41.720291,0.0313797028502449,2.0745889871351766,7700,400,47.14872407609104,24.71397029061808,0.6168157107420736,1
Cell2,7400,501.4350458651225,67.76149268447601,3.697382952293202,2.7000475,4.1483026,0.2335730626955623,40.74508760687961,41.68285,0.0282442381139844,1.854191912263568,7700,300,51.274310174179746,32.23850731552399,0.6093508752794571,1
Cell2,7500,562.233702061415,75.97752730559661,3.717443785865596,2.6998472,4.1789665,0.2388320350258838,40.69749477538349,41.62048,0.0316688223974779,2.0902940049239405,7700,200,46.70437621771422,24.02247269440339,0.6236793434248697,1
Cell2,7600,558.6320678634678,75.4908199815497,3.718104487095588,2.6999273,4.1787658,0.2384286852158376,40.72294651029412,41.632946,0.031465672655031,2.077180677604044,7700,100,46.996977284903934,24.509180018450294,0.6225152877086645,1
Cell2,7700,544.914770679986,73.63713117297107,3.7090790116094974,2.7002881,4.1673021,0.2363254164318628,40.823267436486994,41.807632,0.0306917171692475,2.021239567942841,7700,0,47.79681094738237,26.362868827028933,0.619220389716895,1
Cell3,0,735.119595112905,99.34048582606825,3.734807433444816,2.6998932,4.1914511,0.2465426476050807,40.31596408389075,40.821388,0.041505983332172,2.7457817792330808,8100,8100,35.935107306242024,0.659514173931754,0.6170860358853839,0
Cell3,100,726.6872270437656,98.20097662753588,3.735513560135325,2.6999333,4.1924539,0.2458696285405835,40.26657622215958,40.771484,0.0410390932811424,2.7146675670250606,8100,8000,36.367378353055585,1.79902337246412,0.617486945763075,0
Cell3,200,722.7328355075854,97.66659939291694,3.736126105102041,2.7000134,4.192574,0.2454073444247243,40.26400230782313,40.783951,0.0408165551489219,2.700379487383406,8100,7900,36.566634002316576,2.333400607083064,0.6168214795918361,0
Cell3,300,720.2066836195169,97.32522751615092,3.736152810327169,2.6997411,4.1921415,0.244852282587228,40.27578666372689,40.808922,0.0406674300320446,2.690927399072281,8100,7800,36.69677926647442,2.6747724838490825,0.616200931990312,0
Cell3,400,716.0503279000582,96.76355782433218,3.737015581087268,2.6999819,4.1927829,0.2442082954669265,40.26339975822604,40.821388,0.040438101044856,2.6759977623557543,8100,7700,36.91479190756862,3.2364421756678183,0.6159017823145028,0
Cell3,500,713.0840304729683,96.36270682067138,3.737287348664177,2.7001824,4.1929436,0.2438408433333077,40.27004126457915,40.808922,0.040275833569467,2.6651149241373795,8100,7600,37.062526214365334,3.6372931793286227,0.6157516909943561,0
Cell3,600,710.0583119725138,95.9538259422316,3.73735923054514,2.7002225,4.1929035,0.2436704614405251,40.25854406374387,40.75898,0.0401097342837601,2.653929783229572,8100,7500,37.21400334983026,4.046174057768397,0.6156003641281891,0
Cell3,700,708.5077117739089,95.74428537485257,3.7372740067246375,2.6999826,4.1923428,0.243243383000827,40.27927709188407,40.821388,0.039912388427183,2.6480635894654467,8100,7400,37.389965092104994,4.255714625147434,0.6149578287504893,0
Cell3,800,705.5725275613336,95.34763885963967,3.7376619203725263,2.6999826,4.192944,0.2430087261639776,40.28367688533178,40.821388,0.0397496158257126,2.637382895752853,8100,7300,37.55819548924526,4.652361140360327,0.6152460535506399,0
Cell3,900,703.2127351410794,95.02874799203776,3.7379814723422897,2.7001431,4.193305,0.2422928587714726,40.29082589690421,40.858826,0.0396177119109779,2.6286608619642244,8100,7200,37.68829999710973,4.971252007962235,0.6153020644023107,0
Cell3,1000,700.8922491815016,94.71516880831102,3.7380772909756814,2.6999426,4.1930647,0.2420592769981265,40.27883490184588,40.833893,0.0394886125577613,2.620088120591361,8100,7100,37.81050264334744,5.28483119168898,0.6148478500328628,0
Cell3,1100,698.6703028506131,94.4149057906234,3.737978505583309,2.7002232,4.192904,0.2422304815169041,40.32740492418454,40.858826,0.0393647262826561,2.6118700786715263,8100,7000,37.91828427810949,5.5850942093766065,0.6147641816441776,0
Cell3,1200,696.3460284543626,94.10081465599497,3.738294638012386,2.7000227,4.1930647,0.2414169681237543,40.30574594367444,40.833893,0.0392348850145936,2.603233272985842,8100,6900,38.05297113712791,5.8991853440050335,0.6145541378211,0
Cell3,1300,693.9320435294495,93.77460047695264,3.7381101747041416,2.6999826,4.1930246,0.241541239345666,40.3066674091716,40.846359,0.0390991432359442,2.594234470882808,8100,6800,38.18507750701712,6.225399523047358,0.6147492233727818,0
Cell3,1400,691.4782753365478,93.44301018061456,3.7382705975653208,2.7001431,4.1924629,0.2411692419913149,40.30483368171022,40.833893,0.0389615547610446,2.585152376071262,8100,6700,38.30138473086076,6.556989819385436,0.6137733816684852,0
Cell3,1600,686.4039761027119,92.75729406793404,3.738483348070596,2.6999369,4.1916952,0.2400406369439106,40.34498209003889,40.946209,0.0386691314633935,2.566377028697605,8100,6500,38.57649931736463,7.2427059320659595,0.6124484485532485,0
Cell3,1800,681.1264227231039,92.04411117879783,3.738727382182695,2.6998568,4.1915751,0.2390260184738283,40.33805293066024,40.933743,0.0383739601820707,2.546706812393447,8100,6300,38.87217844455121,7.955888821202166,0.6119563754287899,0
Cell3,1900,678.2317768750305,91.65294282095007,3.738937278141084,2.7000468,4.1916847,0.2385070097898058,40.29613079140176,40.933743,0.0382102124858647,2.5360583105911725,8100,6200,39.03665450427134,8.347057179049926,0.6118208403498863,0
Cell3,2000,675.4148558999498,91.27227782431754,3.739145391547583,2.699929,4.1913667,0.237818176318208,40.26427745910611,40.883797,0.0380518467864021,2.5255991838942644,8100,6100,39.19385344207555,8.727722175682459,0.6111098762870496,0
Cell3,2100,673.3918106771276,90.99889333474698,3.738851358323171,2.7000494,4.1920886,0.2385839497415045,40.292492898170735,40.808922,0.0379407175350934,2.51795869041038,8100,6000,39.32450339444885,9.001106665253019,0.6124827590227417,0
Cell3,2200,669.9072324045648,90.52800437899523,3.7394899400367874,2.6999252,4.1908011,0.2368052310859726,40.312553312691605,40.908768,0.0377423929749056,2.505180315302276,8100,5900,39.50031469060655,9.471995621004766,0.6098799458962331,0
Cell3,2300,667.9872304226006,90.26854465170278,3.739289259883184,2.7001257,4.1917639,0.2373352029765714,40.33140990408854,40.87133,0.0376364957774058,2.497892376036813,8100,5800,39.63170687077025,9.731455348297217,0.6114522163740751,0
Cell3,2400,665.1830232248433,89.88959773308693,3.739795796387774,2.7001688,4.1912856,0.2360860856212565,40.36236466069775,40.946209,0.0374764185398817,2.487713415223462,8100,5700,39.7870733389287,10.11040226691307,0.6101213562327374,0
Cell3,2500,663.1787555105219,89.61875074466512,3.739424524798762,2.6999283,4.1916466,0.2369942390286693,40.37135754458205,40.908768,0.0373660562327131,2.480079191114502,8100,5600,39.920680149646664,10.381249255334879,0.6111109124341061,0
Cell3,2600,659.6375677156237,89.14021185346267,3.740026909589041,2.6998887,4.1903639,0.2349741707930773,40.39334534028642,40.983643,0.0371638999786227,2.4671274866853325,8100,5500,40.10437807870663,10.859788146537326,0.6085635005553507,0
Cell3,2700,658.3707894367438,88.96902559955998,3.739306772747115,2.6998887,4.1912861,0.2365674251970649,40.36722713564079,40.933743,0.0370951606892049,2.462109325468542,8100,5400,40.20355131882965,11.030974400440016,0.6107828746660607,0
Cell3,2800,655.8547865798171,88.6290252134888,3.739577314182843,2.7001693,4.1910052,0.2358705333365018,40.37949090137759,40.933743,0.0369537804508581,2.4527106573744413,8100,5300,40.34216633981876,11.370974786511198,0.610037683536699,0
Cell3,2900,651.9694142612814,88.10397490017316,3.740392109795276,2.6997683,4.1903639,0.233738510984417,40.35313556251968,40.958714,0.0367352194152772,2.4386946731987127,8100,5200,40.57563962012155,11.896025099826844,0.6080699867631412,0
Cell3,3000,650.9774306129659,87.9699230558062,3.73987746717124,2.7001293,4.1910858,0.2354306921343892,40.41199225890887,40.983643,0.0366790477419272,2.4348246923064054,8100,5100,40.64761612334978,12.030076944193794,0.6097409903091351,0
Cell3,3100,648.7293266569452,87.66612522391152,3.7396266809177217,2.7000492,4.1906042,0.2353936933598924,40.38622266962025,40.933743,0.0365529037080705,2.426231957780903,8100,5000,40.77690338914226,12.333874776088479,0.6094290798409169,0
Cell3,3200,645.0933332983059,87.17477477004132,3.740350338096754,2.7001293,4.1898422,0.2333352659251276,40.39991800572884,41.008617,0.0363473491743207,2.4130571683564424,8100,4900,40.98433447020062,12.825225229958676,0.6074214350043867,0
Cell3,3500,638.1805844078301,86.24061951457163,3.741950546460746,2.7004573,4.189208,0.231814961922274,40.27404265122265,40.908768,0.035957689397037,2.388151715996949,8100,4600,41.40169524984614,13.759380485428366,0.6044019642422348,0
Cell3,3600,637.7480160822042,86.18216433543301,3.741835094301352,2.6998959,4.1905718,0.2329273171862742,40.29670567868642,40.87133,0.035936159780249,2.386423782449861,8100,4500,41.48006990856502,13.817835664566985,0.6064009536468213,0
Cell3,3700,635.89805559061,85.93216967440677,3.7418026638682593,2.7002568,4.1904111,0.23282745368851,40.35322723345173,41.495426,0.0358316663186997,2.379487249749435,8100,4400,41.586475501052675,14.067830325593235,0.6062276163942447,0
Cell3,3800,632.3420224158799,85.45162465079457,3.743051089253247,2.7000163,4.189569,0.2307179055899346,40.37358948214286,41.008617,0.0356304185697808,2.367059232572829,8100,4300,41.8044736861332,14.548375349205429,0.6034025820902064,0
Cell3,3900,631.7149177351412,85.36688077501907,3.742296189242769,2.6998158,4.1904111,0.2322624594167149,40.367729336366594,40.958714,0.0355954981641843,2.364233868366349,8100,4200,41.87477355566887,14.63311922498093,0.6055606902124747,0
Cell3,4000,629.6603428366021,85.08923551845974,3.742026372872514,2.7000563,4.1902108,0.2323647897949267,40.39648158526247,41.021122,0.0354797224281355,2.3563740711144363,8100,4100,41.99898981815369,14.910764481540255,0.6056546312533597,0
Cell3,4100,626.6624752776828,84.68411828076795,3.7424948130733946,2.6998158,4.1889272,0.2303756149340728,40.40083073623853,40.996151,0.0353101569926366,2.3453816480728253,8100,4000,42.171130226928646,15.315881719232053,0.6032870093602778,0
Cell3,4200,625.6675662566968,84.54967111576983,3.7417583175254334,2.6999269,4.1892791,0.23141169192712,40.40801436560552,41.021122,0.0352529879892244,2.341184473145916,8100,3900,42.246346724099126,15.450328884230174,0.6047578141548201,0
Cell3,4300,623.802889529931,84.297687774315,3.74131114361422,2.6999669,4.1893992,0.232143111857315,40.38326700625412,40.971176,0.0351502695120871,2.3338970620190267,8100,3800,42.372077045121934,15.702312225685006,0.6055244005213247,0
Cell3,4400,621.8625686928474,84.03548225579019,3.740924644866293,2.6998065,4.1889181,0.2326183467343984,40.387684841862,40.983643,0.0350405958015471,2.326500667676465,8100,3700,42.49554182501743,15.964517744209815,0.6053965609914966,0
Cell3,4500,618.4472051369663,83.57394664013059,3.741844375763612,2.7001274,4.1876349,0.2300818965365355,40.38396033200532,40.996151,0.0348476546350866,2.314225196750156,8100,3600,42.68478985993151,16.426053359869414,0.6024196273464699,0
Cell3,4600,617.397062827596,83.4320355172427,3.741002852444297,2.6998465,4.1886373,0.2322345361455591,40.34800710143,40.921234,0.0347895524464547,2.309775644979644,8100,3500,42.79296232192236,16.567964482757304,0.604911415615815,0
Cell3,4800,613.8286055479532,82.94981156053422,3.740744732608696,2.7001338,4.1885233,0.23241849460798,40.37296912408027,40.946209,0.0345890136668458,2.2963370693443,8100,3300,43.029456835011516,17.050188439465785,0.6051061721504104,0
Cell3,5000,608.9248500447693,82.2871418979418,3.740507135030344,2.7000859,4.187192,0.2307796359162139,40.345318192852325,40.896301,0.03431101818569,2.277855941201759,8100,3100,43.34067707565522,17.712858102058206,0.6036281959049402,0
Cell3,5100,607.559576722663,82.10264550306256,3.740007885033784,2.7001259,4.1880345,0.2326083116526232,40.33979412533784,40.896301,0.0342374882893636,2.272517733172526,8100,3000,43.45719318636587,17.89735449693744,0.6054413715759672,0
Cell3,5200,604.4512359157004,81.68259944806763,3.742952040285328,2.6997695,4.1865549,0.2280168709051207,40.42232400543478,40.996151,0.0340608468977734,2.262519029572117,8100,2900,43.64958260960271,18.317400551932366,0.5994633239387461,0
Cell3,5300,604.3593651956008,81.67018448589201,3.7409936730978255,2.7000904,4.1879988,0.2313572969528398,40.43846067289402,40.983643,0.0340576922753825,2.261050478911909,8100,2800,43.686598063409924,18.32981551410799,0.6040609823002357,0
Cell3,5400,602.5054696849569,81.41965806553472,3.740819365144804,2.7002509,4.1878386,0.2317166670132958,40.44157803202726,40.983643,0.0339543332811445,2.253996360535863,8100,2700,43.81013396873539,18.58034193446528,0.6040800471016166,0
Cell3,5500,599.4989362373487,81.01336976180389,3.742674870273973,2.6998899,4.1861539,0.227450779292361,40.47529929280822,41.033588,0.0337823675945401,2.243829669969122,8100,2600,43.993956370418275,18.986630238196113,0.5992959861162526,0
Cell3,5600,599.6266429328138,81.03062742335321,3.7403530804519,2.6998899,4.1874776,0.2315075119354269,40.47439202088326,41.046093,0.0337907944340258,2.2429747821816126,8100,2500,44.02215759522113,18.96937257664679,0.6042223237136489,0
Cell3,5700,597.9470266185133,80.80365224574504,3.740135687058016,2.7000103,4.1871567,0.2321379522916257,40.49862580707175,40.996151,0.0336971253855153,2.236583137634069,8100,2400,44.13142817253657,19.19634775425496,0.6040824499216003,0
Cell3,5800,595.6181045337796,80.48893304510536,3.740568796139262,2.7000504,4.1861138,0.2300683691728363,40.49562586694244,41.08353,0.0335640667472034,2.228020467914622,8100,2300,44.274108292182,19.511066954894645,0.6020878430550514,0
Cell3,5900,594.1606611276211,80.29198123346231,3.740126041015895,2.7000904,4.1869159,0.231945901361955,40.478892308915,41.08353,0.0334832969820126,2.2223030060348328,8100,2200,44.40366482231077,19.70801876653769,0.6037700797082495,0
Cell3,6000,592.2878485063985,80.03889844681062,3.74001086745234,2.7001305,4.1867957,0.2321530076298357,40.48718216048527,40.971176,0.0333787879208102,2.215237971353732,8100,2100,44.53788632590915,19.96110155318938,0.6037632872265679,0
Cell3,6100,589.3378363478698,79.64024815511755,3.741417573772205,2.7003334,4.1845522,0.2290339062947027,40.62198653221874,41.170914,0.0332090135198086,2.205173821642811,8100,2000,44.6919059251426,20.359751844882453,0.5988305759835063,1
Cell3,6200,588.8489304022828,79.57417978409227,3.73974532990589,2.7000127,4.1862369,0.2323260616911671,40.6140552533984,41.170914,0.0331836539553478,2.202401890403317,8100,1900,44.78649082795365,20.425820215907734,0.6033669866136623,1
Cell3,6300,587.1626914231025,79.34630965177061,3.7397651780419583,2.6998119,4.1858354,0.2320955177146922,40.592741058041966,41.071026,0.0330894596409052,2.195924999744559,8100,1800,44.90791352329942,20.65369034822939,0.6027975972405972,1
Cell3,6400,584.8877045881585,79.0388789983998,3.741958039838541,2.7000127,4.1843519,0.2280931796542705,40.64356663882064,41.220818,0.0329594024224206,2.1887475579524285,8100,1700,45.03401326769939,20.961121001600205,0.597829540758729,1
Cell3,6500,584.6155005204129,79.00209466492065,3.73963258272472,2.7001729,4.185956,0.2318252855975046,40.65792792169944,41.220818,0.032945908838883,2.1864074723923603,8100,1600,45.096282242008726,20.997905335079352,0.6031397530747029,1
Cell3,6600,582.9967982685885,78.78335111737682,3.73937983637324,2.7000127,4.1858759,0.2322485634681041,40.6527247471831,41.158405,0.0328553325962275,2.1801695398262795,8100,1500,45.223038683587106,21.216648882623176,0.6033730589550812,1
Cell3,6700,582.4711285638903,78.71231467079598,3.744126466126189,2.7002597,4.1841979,0.2256064830029356,40.62312159217483,41.208351,0.0328229556325823,2.1809227850267447,8100,1400,45.208999689452014,21.287685329204024,0.5946911268565016,1
Cell3,6800,582.6697890370449,78.73916068068174,3.740251599436421,2.699939,4.1862431,0.2307645716794467,40.65648692779149,41.258255,0.0328370686620473,2.1795764594276785,8100,1300,45.261617401933286,21.260839319318265,0.6026912169778098,1
Cell3,6900,581.1245224090237,78.53034086608429,3.739895459307665,2.6998987,4.1859221,0.2311480491199384,40.67082201660191,41.195847,0.0327509670751169,2.173472532303581,8100,1200,45.37203510835833,21.469659133915712,0.6027387036382905,1
Cell3,7000,578.701182313585,78.20286247480878,3.743035182050373,2.6999791,4.1838369,0.2261064946205054,40.62316145051437,41.220818,0.032612805138342,2.1662093330921475,8100,1100,45.49784343488094,21.797137525191218,0.5956779972292261,1
Cell3,7100,580.2683002516004,78.4146351691352,3.739330653342766,2.6998587,4.1884089,0.2319205867254386,40.64943311531659,41.220818,0.0327025111764669,2.1699819447154804,8100,1000,45.51652548767132,21.585364830864805,0.6068624954827484,1
Cell3,7200,577.6091745887383,78.05529386334301,3.738228256645345,2.6997385,4.1856017,0.2320495951449485,40.687881573560766,41.245789,0.0325518514728173,2.1594036162464887,8100,900,45.64464041623957,21.94470613665699,0.6045587072360209,1
Cell3,7300,575.9966217167189,77.83738131307013,3.737819755523877,2.7000191,4.1856017,0.2324003190699871,40.6735640377762,41.220818,0.0324628193629905,2.153074532985616,8100,800,45.761177493908754,22.162618686929875,0.6051107357785453,1
Cell3,7400,574.0759611343926,77.57783258572873,3.738663751662496,2.699939,4.1835561,0.2300953397769743,40.697945626742936,41.308201,0.0323525458807125,2.1464918874630765,8100,700,45.85639872272717,22.42216741427127,0.6012058761317616,1
Cell3,7500,573.0825077442627,77.44358212760307,3.7372811741762177,2.699939,4.1852007,0.2329332548376028,40.68167042979943,41.18338,0.0322974859736859,2.141935266874089,8100,600,45.985489883645535,22.556417872396935,0.605296656518625,1
Cell3,7600,571.5622067833184,77.23813605179978,3.736817873070018,2.6998587,4.1847191,0.233524744611883,40.68779541364453,41.195847,0.0322124470258131,2.1360636984426664,8100,500,46.09442754791685,22.761863948200215,0.6052719282837592,1
Cell3,7700,569.8652392499695,77.00881611486075,3.7382893319164254,2.7001395,4.182754,0.2299062283781447,40.63457387391931,41.158405,0.0321143213659524,2.130444471768724,8100,400,46.16533283617765,22.99118388513925,0.6006279298426684,1
Cell3,7800,569.3134736610447,76.93425319743848,3.736055961067051,2.699939,4.184278,0.2337880894193764,40.63903697368421,41.133438,0.0320846945978701,2.127230749214337,8100,300,46.26170692588131,23.06574680256152,0.6057054580174983,1
Cell3,7900,567.8694270267266,76.73911176036846,3.7356301926996736,2.7001395,4.184278,0.2341296515728015,40.63370837694254,41.120972,0.0320044541731476,2.1215821617798647,8100,200,46.37142444443684,23.26088823963154,0.6062808206761168,1
Cell3,8000,566.4618704545966,76.54890141278332,3.738043379311594,2.7001395,4.1825538,0.2301908868638731,40.67040378115942,41.220818,0.0319230805616825,2.1176949833915995,8100,100,46.43561455546809,23.451098587216677,0.6006897576870353,1
Cell3,8100,565.8573030034044,76.46720310856816,3.735173707508161,2.7000992,4.1841578,0.2338049528222582,40.613478077257895,41.120972,0.0318909147754311,2.1137659051056628,8100,0,46.534007457692375,23.532796891431843,0.6067352601241073,1
Cell4,0,734.0756158938327,99.19940755322064,3.734627408391608,2.7001176,4.1898646,0.2444229443677303,40.80829976811189,41.543034,0.0413614925928413,2.741635661510565,5100,5100,36.01685746225637,0.8005924467793619,0.6151853940653949,0
Cell4,100,725.6895677627597,98.06615780577832,3.736600116581777,2.6997566,4.1918697,0.2441348993843662,40.76449657102433,41.518101,0.0408894731663167,2.7117372944764946,5100,5000,36.490482610240846,1.9338421942216826,0.6152291667813824,0
Cell4,200,720.520947044064,97.36769554649514,3.737515908205128,2.6999974,4.1921105,0.2437389830556233,40.75673721082621,41.505592,0.0406044350238516,2.693213203940464,5100,4900,36.74663500399722,2.632304453504858,0.6143170159390161,0
Cell4,300,716.8993845363364,96.87829520761302,3.738227571555429,2.699924,4.1917963,0.242570090457921,40.75537181094242,41.530567,0.0403896754141896,2.680062236120005,5100,4800,36.93605726325369,3.1217047923869785,0.6129307141142852,0
Cell4,400,711.6089577103882,96.16337266356597,3.739249837334103,2.7000041,4.1923981,0.2421653527423524,40.74491103144836,41.543034,0.0400948885362595,2.6611382778472428,5100,4700,37.22062422062049,3.8366273364340344,0.6123625171160773,0
Cell4,500,707.5381360146926,95.6132616236071,3.740044155194428,2.7001245,4.1925983,0.2411413825826901,40.74976974521184,41.568005,0.0398713850881904,2.646330413771437,5100,4600,37.431264688553796,4.386738376392898,0.611559655142665,0
Cell4,600,703.3674972372165,95.04966178881304,3.7403159329246938,2.699964,4.1928391,0.241034425283484,40.73923267717455,41.555538,0.0396307674236595,2.6310819841108333,5100,4500,37.66864808327418,4.95033821118696,0.6115177933450079,0
Cell4,700,701.7227474914652,94.82739830965744,3.740575061299766,2.6998613,4.1920543,0.2402359549486037,40.76601409045667,41.592976,0.0395159716717898,2.625079276637225,5100,4400,37.76081356621869,5.17260169034256,0.6101070793246403,0
Cell4,800,698.0057685756904,94.32510386157978,3.741149203472631,2.6999013,4.1924958,0.23990581044327,40.76665880076517,41.568005,0.0393058431800454,2.611607748666484,5100,4300,37.972891721758344,5.674896138420223,0.609927833145093,0
Cell4,900,694.5155634312847,93.85345451774116,3.741600311091393,2.7000217,4.1924553,0.2392868088189453,40.76537302868974,41.592976,0.0391102102585136,2.598842001704229,5100,4200,38.15871690329837,6.146545482258844,0.6092634985251442,0
Cell4,1000,690.9174915491741,93.36722858772625,3.742033830449004,2.6997809,4.1923752,0.2384612610436851,40.74578408355635,41.543034,0.0389075485290959,2.585573076124449,5100,4100,38.361603206139506,6.632771412273755,0.6085694183121566,0
Cell4,1100,687.1888481767409,92.86335786172174,3.742368081225712,2.6999414,4.1921349,0.2378509621810935,40.79559279730942,41.617947,0.0387005220400169,2.5718320975055176,5100,4000,38.55645518171327,7.136642138278262,0.6077929983436328,0
Cell4,1200,682.9508147644314,92.29065064384208,3.742558719007519,2.7000217,4.1920948,0.2376267997776365,40.76273044150375,41.568005,0.0384620665572583,2.556230804894388,5100,3900,38.79235936060415,7.709349356157915,0.607481190530379,0
Cell4,1300,678.9738121475967,91.75321785778334,3.742936831921331,2.6999815,4.191493,0.2365304637639954,40.78528873948564,41.605442,0.0382397754583507,2.541434086006543,5100,3800,39.00317088560234,8.24678214221666,0.6061569838900934,0
Cell4,1400,674.7946724375373,91.18846924831584,3.743126520974125,2.6999013,4.1912122,0.2361036640629525,40.78455116864536,41.592976,0.0380040268646553,2.526005939278076,5100,3700,39.23983280714162,8.81153075168416,0.605521187872804,0
Cell4,1600,667.088694869066,90.14712092825216,3.743960427286726,2.7000716,4.1900592,0.234032436783179,40.8226488013551,41.692822,0.0375686291372403,2.4976265734804337,5100,3500,39.659364071898004,9.852879071747836,0.6028361793422626,0
Cell4,1800,659.50607827045,89.12244300952027,3.7446074237383176,2.6999111,4.1899791,0.2328647648791515,40.80981868037383,41.655388,0.0371397935086861,2.469675340636366,5100,3300,40.1194443961333,10.877556990479732,0.6018536165698417,0
Cell4,1900,655.8003460359124,88.62166838323141,3.745126692575188,2.6999848,4.1898117,0.2319684743303969,40.76888158489975,41.605442,0.0369321545585989,2.456127745652275,5100,3200,40.33846872289801,11.378331616768591,0.6009256857092056,0
Cell4,2000,651.8358917402749,88.08593131625337,3.7454377355184367,2.7001908,4.1896167,0.2315460973692318,40.73904850204853,41.605442,0.0367064209422096,2.4415900046597043,5100,3100,40.57560737772563,11.914068683746635,0.6002418438940047,0
Cell4,2100,649.1322951773172,87.7205804293672,3.745805510886076,2.6999502,4.1903787,0.2316629488928931,40.78882727373418,41.605442,0.0365566960535943,2.431697334475646,5100,3000,40.769213076639254,12.279419570632797,0.6007745798836813,0
Cell4,2200,644.827599194441,87.13886475600553,3.746249606626314,2.6998622,4.1891279,0.2302082606545906,40.76891344217904,41.605442,0.0363146685995161,2.415832154695989,5100,2900,41.008902146987985,12.861135243994468,0.598484180234711,0
Cell4,2300,642.7345700249701,86.85602297634732,3.746343280920422,2.6999424,4.18997,0.2306531272009517,40.80533474017258,41.617947,0.0361973816761747,2.4080878277134405,5100,2800,41.162823612656595,13.143977023652681,0.5994955663237537,0
Cell4,2400,639.779528362064,86.45669302190053,3.746515126131621,2.6999524,4.1889772,0.2294663777628297,40.8092683929374,41.655388,0.036032467149198,2.397172721976081,5100,2700,41.32338400394927,13.543306978099466,0.5979217214437552,0
Cell4,2500,637.9124570016852,86.20438608130881,3.746567551416613,2.7000327,4.1898999,0.2300992982710914,40.83415367321313,41.642921,0.0359281320124864,2.390221927924139,5100,2600,41.46682974368067,13.795613918691188,0.5990977683559289,0
Cell4,2600,632.8442960173883,85.51949946180922,3.7471321034728975,2.699872,4.1881351,0.2277280646862429,40.83398803148329,41.680355,0.0356439532479271,2.371487168807452,5100,2500,41.75242115338021,14.480500538190782,0.5959499953068956,0
Cell4,2700,631.3567584678583,85.3184808740349,3.747036495478204,2.699872,4.1894584,0.2288935379229613,40.82896646551725,41.630413,0.0355586047517135,2.365940157141086,5100,2400,41.88984693167103,14.681519125965096,0.5978674385429683,0
Cell4,2800,629.2342766774427,85.03165901046523,3.746920876697128,2.7000325,4.1894183,0.228920977136744,40.83807987956919,41.655388,0.0354398358613252,2.3579702437078778,5100,2300,42.02456753073625,14.968340989534767,0.5979694909498268,0
Cell4,2900,624.4071835805257,84.37934913250348,3.747674303388158,2.6999521,4.1874132,0.2263360266841206,40.79509505953948,41.617947,0.0351651917444542,2.340289602863156,5100,2200,42.2980432686339,15.620650867496522,0.5942417521781647,0
Cell4,3000,624.0241576349928,84.32758886959361,3.748234877221856,2.699832,4.1894183,0.2270122285389633,40.86042595128374,41.642921,0.0351494987262412,2.3390724164711774,5100,2100,42.3773873480767,15.672411130406388,0.596193814565059,0
Cell4,3100,621.0406372433505,83.92441043829061,3.747897035284392,2.6999121,4.1888971,0.2274237527859246,40.83596609986773,41.617947,0.0349794731009751,2.327828136342988,5100,2000,42.566176726709095,16.075589561709393,0.5959460333994706,0
Cell4,3200,617.4298009076539,83.43645958211539,3.748361182967398,2.7000325,4.1870122,0.2252246984667416,40.822650498004,41.655388,0.0347746268380433,2.314510332147719,5100,1900,42.75924937097891,16.56354041788461,0.592771644638651,0
Cell4,3300,616.6100994219123,83.32568911106924,3.748151386675549,2.6999924,4.1884561,0.2266020850583592,40.82295916688874,41.592976,0.0347290385980159,2.311302388161528,5100,1800,42.85810670204768,16.674310888930762,0.5950063693573661,0
Cell4,3500,610.0098423460355,82.43376247919399,3.750527499494949,2.700037,4.1865754,0.2236060552447362,40.71217028215489,41.580509,0.0343562009511515,2.2880527935002406,5100,1600,43.26715677780432,17.566237520806013,0.58925391960142,0
Cell4,3600,609.0845318177422,82.30872051591112,3.7509272766947728,2.700037,4.1887012,0.2246491775169543,40.74364912748735,41.518101,0.0343040830921381,2.284727136115157,5100,1500,43.394857724194395,17.69127948408888,0.5915863828449013,0
Cell4,3700,606.8422394722121,82.00570803678542,3.75108456751269,2.6999969,4.1885004,0.224823524751159,41.090872281556685,42.479256,0.0341783446492627,2.276597643420458,5100,1400,43.54979638359184,17.99429196321458,0.5911024763342025,0
Cell4,3800,602.1429400557658,81.3706675751035,3.752041273260573,2.7000773,4.186255,0.2218764346763336,40.79317387892224,41.617947,0.0339133144589141,2.2595172652638165,5100,1300,43.821546261843146,18.629332424896504,0.5867753064046312,0
Cell4,3900,602.2590640433417,81.38636000585699,3.751851739563438,2.6999969,4.1884203,0.2232200347263895,40.79810351159618,41.580509,0.0339209123048931,2.259703110572381,5100,1200,43.877933137198184,18.613639994143014,0.589957514103462,0
Cell4,4000,600.8081319033984,81.19028809505383,3.751451802085471,2.700037,4.1881399,0.22345154306033,40.8361506574359,41.592976,0.0338410905096679,2.253997132726106,5100,1100,43.97195556151839,18.80971190494617,0.5901190512358507,0
Cell4,4100,596.5517044461636,80.61509519542753,3.752189513774104,2.7001975,4.1861343,0.2213953862273692,40.81331644662535,41.642921,0.0335994207998737,2.23843706697054,5100,1000,44.22375567408327,19.38490480457247,0.5864118732782376,0
Cell4,4200,595.6564765764431,80.49411845627608,3.751330100965517,2.69997,4.186789,0.2226287742525902,40.8185035362069,41.630413,0.0335511546581983,2.234602528576661,5100,900,44.31366674201662,19.505881543723916,0.5884579716682202,0
Cell4,4300,593.6652687461142,80.22503631704245,3.75098004083045,2.6998897,4.1870699,0.2234407414658267,40.81258422145329,41.580509,0.0334373411023989,2.226894215277589,5100,800,44.47529844395625,19.774963682957548,0.5893106204993921,0
Cell4,4400,591.9132492154948,79.98827692101281,3.7504306407702974,2.7000501,4.1871099,0.2240977586758078,40.81126669777933,41.592976,0.0333387578139081,2.220106288116138,5100,700,44.603197428736415,20.01172307898719,0.5901071070671661,1
Cell4,4500,588.273065831058,79.49636024744028,3.7513666478701113,2.700331,4.184864,0.2216808189470715,40.79246362814246,41.568005,0.0331323421560227,2.20696638076447,5100,600,44.80480698293077,20.50363975255972,0.5858072326079579,1
Cell4,4600,587.8162290155369,79.43462554264012,3.750453828127184,2.7001705,4.1865087,0.2239936179098431,40.7785357501747,41.555538,0.033107376191765,2.204755752395384,5100,500,44.89311681705776,20.56537445735988,0.5892633403686705,1
Cell4,4800,584.5267630762735,78.99010311841533,3.750248307484189,2.7001913,4.1864891,0.2241762831635149,40.80622581482783,41.580509,0.0329234338132664,2.1922757301972378,5100,300,45.142698836665154,21.009896881584666,0.5895145844808262,1
Cell4,5000,582.3379080207892,78.69431189470124,3.748040742433863,2.6999323,4.1843858,0.2233744673292531,40.75508688148148,41.493126,0.0327997196000069,2.182707069209631,5100,100,45.25673576989719,21.305688105298756,0.589655483197483,1
Cell4,5100,581.233771613044,78.54510427203299,3.747003211342756,2.7001328,4.185308,0.2257523271881305,40.75877631024735,41.480625,0.0327396012144163,2.178005114383056,5100,0,45.36187928479608,21.454895727967013,0.5923037684557351,1
Cell5,0,735.336070718255,99.36973928625066,3.736105045834495,2.69981,4.191287,0.244961666281977,41.46417650933408,42.279404,0.0415258953580632,2.747382815124804,5000,5000,35.9159283914636,0.6302607137493368,0.6151107488723039,0
Cell5,100,726.3272216149664,98.15232724526574,3.736630215454033,2.7000906,4.1925287,0.2449786162276551,41.47554590919346,42.304337,0.0410239035263657,2.714176960033047,5000,4900,36.378832653216286,1.847672754734262,0.616079033170226,0
Cell5,200,721.6143905718282,97.5154581853822,3.7374258164348566,2.7000103,4.1929693,0.2441981598944598,41.46198125489639,42.29187,0.0407592218834906,2.697106905583836,5000,4800,36.62784280879254,2.484541814617799,0.6155993021150582,0
Cell5,300,718.1408943344795,97.04606680195668,3.737620761551626,2.6998551,4.1924939,0.2436459722812136,41.50666294723332,42.429001,0.0405581707600504,2.6843623476468053,5000,4700,36.801511767351144,2.953933198043316,0.6146934303356402,0
Cell5,400,713.4979226988899,96.41863820255269,3.738608642204996,2.7000554,4.1930947,0.242876585681833,41.46929377461959,42.329269,0.0402961939107626,2.6676151970082618,5000,4600,37.050701428648054,3.5813617974473146,0.6141703483716265,0
Cell5,500,709.9294524799296,95.9364124972878,3.738898429371032,2.699775,4.1931748,0.2424600825227579,41.45924443017888,42.304337,0.0400978431571275,2.654507895062413,5000,4500,37.24296469471966,4.0635875027121955,0.613886987336444,0
Cell5,600,706.7197517896662,95.5026691607657,3.7391255747609375,2.7001357,4.1929345,0.2421095129416633,41.48356036424224,42.366669,0.0399224036373198,2.642708935136456,5000,4400,37.391571459216806,4.497330839234294,0.6132553043771112,0
Cell5,700,704.4068227739054,95.1901111856629,3.739380184693877,2.7000077,4.1924858,0.2410635691452485,41.484874183090376,42.429001,0.0396874116268008,2.63410219350224,5000,4300,37.6048836127309,4.8098888143371,0.6123048855488152,0
Cell5,800,701.0295867753294,94.73372794261208,3.739729347773872,2.7000477,4.1932468,0.2409400369292346,41.468529284710016,42.354202,0.0394979262491688,2.621792882022275,5000,4200,37.80353649566416,5.266272057387923,0.6128614219271997,0
Cell5,900,698.2500120464782,94.35810973601056,3.7397777769479568,2.6998074,4.1930866,0.2408063444556745,41.462780031755365,42.379135,0.0393422516062855,2.611527497998285,5000,4100,37.95515467159386,5.641890263989438,0.6125794906108692,0
Cell5,1000,695.5576916850586,93.99428266014304,3.739976558972845,2.7000477,4.1927662,0.2404119405313903,41.46330474793389,42.391602,0.0391916846856474,2.601599131069929,5000,4000,38.086661119865646,6.005717339856957,0.6118778932799398,0
Cell5,1100,692.5531943570523,93.58826950770978,3.7403321698784464,2.7000477,4.1929264,0.239734972317144,41.47424646605396,42.391602,0.0390226218150928,2.590531458462629,5000,3900,38.255769981417096,6.411730492290218,0.6116138244885861,0
Cell5,1200,689.7775882497999,93.21318760132432,3.740327574553572,2.6998074,4.1927261,0.2395888135215028,41.46266336934524,42.404068,0.0388672687113285,2.5802372929164306,5000,3800,38.409704097905326,6.7868123986756785,0.6113493587113888,0
Cell5,1300,687.1135597869533,92.85318375499368,3.740432967523154,2.7000878,4.1927261,0.2391897143876064,41.48383516641768,42.441505,0.0387175268260762,2.570333151192639,5000,3700,38.55100961627331,7.14681624500632,0.6112069357795216,0
Cell5,1400,684.5275284553019,92.50372006152728,3.7406997516496703,2.6998875,4.1929264,0.2385219573202908,41.49245300959808,42.429001,0.0385723416693508,2.560751533920145,5000,3600,38.70649612881021,7.496279938472725,0.6111170923653106,0
Cell5,1600,678.643903735009,91.70863563986607,3.740932655885023,2.700145,4.1915417,0.2371098466978777,41.49898620302572,42.491367,0.0382367727579548,2.5388897999001245,5000,3400,39.00323142355976,8.291364360133926,0.6089311406959149,0
Cell5,1800,672.7264228388298,90.90897605930132,3.741182440567765,2.7000649,4.1917419,0.2361681611184777,41.519766344627584,42.578632,0.0379038815153762,2.516870240499927,5000,3200,39.35316350731496,9.091023940698676,0.6088641343678852,0
Cell5,1900,669.6039858041315,90.48702510866642,3.7414659981907374,2.7002008,4.1915174,0.2356061182783122,41.52136057651028,42.591099,0.0377289254684001,2.505403290558431,5000,3100,39.526094512140524,9.512974891333585,0.6081775700125175,0
Cell5,2000,666.5615613009338,90.07588666228835,3.741414592608562,2.7001791,4.1912155,0.2355461816707762,41.5604811395134,42.616032,0.037558673066087,2.4941380798611386,5000,3000,39.697800281075175,9.924113337711645,0.607839064042484,0
Cell5,2100,664.112144055915,89.7448843318804,3.741434663771252,2.7000189,4.1918163,0.2358161041261915,41.50290787604328,42.491367,0.037421167246066,2.4849576997338616,5000,2900,39.86400333766947,10.2551156681196,0.6086238327415514,0
Cell5,2200,661.1156252944539,89.3399493641154,3.7418099059627328,2.7001321,4.1911683,0.2344156222759204,41.54775772391304,42.640965,0.0372517565265297,2.4739204957341143,5000,2800,40.024855581845415,10.660050635884602,0.6072410730233343,0
Cell5,2300,659.0852626643066,89.06557603571711,3.7416867358878494,2.7000518,4.1914487,0.2348479427300561,41.51732530965732,42.466438,0.0371376236435025,2.466208673817726,5000,2700,40.157570574399124,10.934423964282885,0.6077864379893921,0
Cell5,2400,655.624570723609,88.59791496264987,3.7420200891951145,2.6998596,4.1906958,0.2335206173457151,41.53769754588161,42.603565,0.0369422888616099,2.4534560111147408,5000,2600,40.3547233053531,11.402085037350133,0.6063185281147105,0
Cell5,2500,653.572031102383,88.32054474356526,3.741854373892554,2.6998596,4.1911764,0.2341357679586935,41.49254491768772,42.478905,0.0368267674930393,2.4456593681581964,5000,2500,40.4943579673101,11.679455256434736,0.6071919271722243,0
Cell5,2600,650.1803326333551,87.86220711261555,3.74210109191664,2.6998799,4.1906757,0.2328294164512559,41.50244737132933,42.591099,0.0366347009548917,2.4332595213723125,5000,2400,40.69243282216891,12.13779288738445,0.6061819028153512,0
Cell5,2700,648.6554560316094,87.65614270697425,3.742024382146249,2.7,4.1910362,0.2333828815149833,41.49175643241532,42.466438,0.0365499298786744,2.4273553872621005,5000,2300,40.79338624076821,12.34385729302575,0.6067727268293932,0
Cell5,2800,646.3729055045605,87.34768993304873,3.741926481003812,2.7001202,4.1907558,0.2333430839666598,41.50030041264295,42.491367,0.0364215543959289,2.4187704841254334,5000,2200,40.926168543703625,12.652310066951273,0.6065261067516049,0
Cell5,2900,643.0682540069614,86.90111540634614,3.742624618358876,2.6999199,4.1901951,0.2312490935956171,41.58564420466156,42.665897,0.0362359301652759,2.406865527682885,5000,2100,41.125867815040785,13.098884593653864,0.6048249751907089,0
Cell5,3000,642.1361759560308,86.77515891297713,3.7419390665920713,2.69996,4.1905956,0.2330308109191112,41.4679553516624,42.453972,0.0361820923862978,2.4030728587857,5000,2000,41.19702053339393,13.224841087022867,0.6062926127134172,0
Cell5,3100,639.8080244546916,86.46054384522859,3.74196447792041,2.6998398,4.1903553,0.2325871738959863,41.51713121181001,42.541233,0.036051922943443,2.3942156915129806,5000,1900,41.34243157866019,13.539456154771415,0.6059335433507973,0
Cell5,3200,636.6188012020026,86.02956773000035,3.742262110577233,2.7000401,4.1895542,0.2309759675670473,41.5620035214447,42.690872,0.0358721453230828,2.3825888520681664,5000,1800,41.52170339637219,13.970432269999648,0.6044487694902256,0
Cell5,3300,635.56538229874,85.88721382415405,3.7417947207687337,2.7001603,4.1903553,0.232611253850607,41.54601970736434,42.578632,0.0358139816671609,2.378351578245473,5000,1700,41.60814638546568,14.112786175845955,0.606162944907117,0
Cell5,3500,629.1525594045581,85.0206161357511,3.7443558510929855,2.7002003,4.1885929,0.2295065440657736,41.60689764437195,42.740738,0.0354530505137518,2.356011459462784,5000,1500,41.98089015027174,14.979383864248902,0.60032033636083,0
Cell5,3600,628.5798251580507,84.94321961595278,3.744379572501633,2.6998799,4.1906357,0.2306786089086183,41.55596040333116,42.603565,0.0354219544678926,2.353810738719344,5000,1400,42.08445688377637,15.056780384047215,0.6030488209437386,0
Cell5,3700,626.4541623919168,84.65596789079957,3.74420325491481,2.7000401,4.1903954,0.2308976316511619,41.55721793741809,42.616032,0.0353017690358683,2.3458231845215924,5000,1300,42.21638530636988,15.344032109200427,0.6029623582232297,0
Cell5,3800,622.7429618448283,84.15445430335518,3.745778236003957,2.7001603,4.1896343,0.2274810901785844,41.57832823442136,42.728271,0.0350916524184867,2.3327318599464952,5000,1200,42.444041625515595,15.84554569664482,0.5998054918865445,0
Cell5,3900,622.2255140708279,84.08452892849026,3.7449103127020784,2.7,4.1901951,0.2296361547827734,41.54880060145166,42.603565,0.0350630797911435,2.330349157912963,5000,1100,42.49919315938798,15.915471071509742,0.601736199051246,0
Cell5,4000,620.054371370107,83.79113126623068,3.7447671485761584,2.7001202,4.1898746,0.2295213087178662,41.55448313741722,42.616032,0.0349400750128552,2.322050213823093,5000,1000,42.636192488408064,16.20886873376932,0.6014965559781636,0
Cell5,4100,616.9927457990417,83.37739808095158,3.745129098302829,2.7000401,4.1884727,0.2275882691415851,41.59047953544093,42.728271,0.0347673236392438,2.3107967980920967,5000,900,42.81001912671949,16.62260191904842,0.5991129752664476,0
Cell5,4200,616.0030105030721,83.24365006798273,3.744075120726424,2.6997745,4.188848,0.2294101121604551,41.58328758480506,42.678364,0.0347119694342836,2.3066084792155355,5000,800,42.89674793794348,16.756349932017272,0.6010444314507786,0
Cell5,4300,614.4130100238918,83.02878513836376,3.743602671934514,2.7000549,4.1894889,0.2301786106905782,41.57191676511861,42.591099,0.0346236081095412,2.3002821365210293,5000,700,43.01663127241487,16.97121486163624,0.6025489568452511,0
Cell5,4400,612.4443360817295,82.76274811915263,3.743490080221253,2.6999748,4.1890082,0.2300828222237676,41.57069861448206,42.591099,0.0345124274026602,2.2927582120237413,5000,600,43.14359691455127,17.237251880847367,0.6020515132145227,0
Cell5,4500,609.5275837131619,82.36859239367053,3.744071793230044,2.7000949,4.1870856,0.2277528839980361,41.61670482182553,42.753204,0.0343478005379438,2.282246848521687,5000,500,43.29090613680609,17.631407606329475,0.5986673064458863,0
Cell5,4600,608.9826949116347,82.29495877184252,3.742916880687563,2.6999748,4.1885676,0.2306685505409922,41.57639929086619,42.578632,0.0343181919306516,2.27961877143273,5000,400,43.37493735307003,17.705041228157484,0.6022307017735633,0
Cell5,4800,605.3543107357652,81.80463658591422,3.742726255612072,2.7000518,4.188324,0.2304328840393971,41.57856840827399,42.603565,0.0341138611547648,2.2658486153204795,5000,200,43.62533364120504,18.195363414085776,0.6021591140377399,0
Cell5,5000,456.1288635874498,61.63903561992565,3.664735254320432,2.699975,4.131485,0.2434830063386144,41.81158598289829,42.753204,0.0257050390355288,1.6716588377067452,5000,0,55.687692608786705,38.36096438007435,0.6307428995669832,1
Cell6,0,732.7947554512294,99.0263183042202,3.735102905507165,2.6999252,4.1898103,0.2441545078672632,41.18796751081765,42.090382,0.041176876751706,2.737186108827826,5000,5000,36.18168826391163,0.9736816957798027,0.6144694520173449,0
Cell6,100,724.683839133562,97.93024853156244,3.7371221435511366,2.6999655,4.1920967,0.2442329306270775,41.31018651704546,42.202736,0.0407255821628496,2.7083862895444524,5000,4900,36.63777122355992,2.069751468437559,0.6148304816876526,0
Cell6,200,719.9780780561117,97.29433487244754,3.737817741852487,2.6998851,4.192297,0.2441038701050533,41.30072525414522,42.102848,0.0404640809865668,2.6914194485390235,5000,4800,36.8814756727025,2.7056651275524644,0.614161159658801,0
Cell6,300,716.7605490247803,96.85953365199734,3.7380129856978734,2.6999218,4.1918526,0.2431601838478079,41.3464734109707,42.327557,0.0402804486220702,2.679488236490469,5000,4700,37.037665005487696,3.1404663480026613,0.6132967760839546,0
Cell6,400,711.6736520202331,96.17211513786934,3.7392418363899336,2.7001626,4.1927752,0.2423980815686826,41.36761532976569,42.302624,0.0399942451622337,2.661316453691047,5000,4600,37.3197512340649,3.8278848621306594,0.6128829237973868,0
Cell6,500,707.7770533721924,95.64554775299897,3.739532180633905,2.7000422,4.1925745,0.2422283472842347,41.36145077406224,42.215202,0.0397807648405432,2.6470475851298625,5000,4500,37.5180011742189,4.354452247001035,0.6122193504947234,0
Cell6,600,704.24917843416,95.1688078965081,3.73994848009354,2.7000823,4.1925745,0.2415117700265544,41.37769428149664,42.240173,0.0395776887889951,2.6340395982804914,5000,4400,37.70949078067966,4.831192103491901,0.6116567836573784,0
Cell6,700,702.8095879125638,94.97426863683292,3.7401160835039486,2.7000387,4.1923704,0.2407112515965636,41.35401798683825,42.40247,0.0395575689617544,2.6286939786503543,5000,4300,37.72461287572865,5.025731363167083,0.6111544817514204,0
Cell6,800,698.8143263731588,94.43436842880524,3.740653928352941,2.6999583,4.1927314,0.2406231518730306,41.37675241852941,42.352524,0.0393311347579583,2.614249085825466,5000,4200,37.95301498853832,5.565631571194757,0.6109155022257557,0
Cell6,900,696.0256867891575,94.05752524177804,3.7410202101004137,2.7001188,4.1927314,0.2399096750053747,41.381323106024816,42.340057,0.0391748328693211,2.6039663711418743,5000,4100,38.100341222582585,5.942474758221962,0.6104205268913334,0
Cell6,1000,692.8134515610182,93.62343940013758,3.741050367428063,2.6999583,4.1926913,0.2398826169315688,41.37647907920498,42.340057,0.038994453381747,2.5920948492845706,5000,4000,38.27966777015904,6.376560599862415,0.6103255845566714,0
Cell6,1100,689.8064009492865,93.21708120936304,3.741422008432658,2.6999583,4.1924906,0.2391849613549036,41.37907277413588,42.327557,0.0388260369654744,2.5810119533014,5000,3900,38.44054083568578,6.7829187906369555,0.6095521507666785,0
Cell6,1200,686.8602393222861,92.8189512597684,3.741588241532016,2.7001188,4.1926112,0.2389176733839602,41.37713137432674,42.302624,0.0386610263958573,2.570158055618987,5000,3800,38.60357407856726,7.181048740231603,0.6094904844161948,0
Cell6,1300,683.7786761748114,92.40252380740696,3.7416769045085663,2.7003596,4.1919694,0.2384399183278453,41.38393508476105,42.31509,0.0384880066849291,2.558677555667249,5000,3700,38.754177581414694,7.597476192593035,0.6085033722857207,0
Cell6,1400,680.8693882005513,92.00937678385829,3.741781341110776,2.6999984,4.1922498,0.2380885692433086,41.398581749471774,42.390003,0.0383247552672401,2.5478855078792417,5000,3600,38.93599459670764,7.990623216141714,0.6087411606611133,0
Cell6,1600,674.4000038665567,91.1351356576428,3.742303634318805,2.7000732,4.1912017,0.2362317422974866,41.41330456659554,42.477386,0.0379596824059262,2.523926705505545,5000,3400,39.28086655700409,8.864864342357194,0.6066190076772898,0
Cell6,1800,669.1830335504253,90.4301396689764,3.7421004651719896,2.6999528,4.1908407,0.2359287191228331,41.43994212530713,42.489887,0.0376626291545107,2.5044100889534304,5000,3200,39.58428684298595,9.569860331023605,0.6064057227405545,0
Cell6,1900,666.0073376705458,90.00099157710079,3.742724439382717,2.7000191,4.1907463,0.2347109066037214,41.442020774691365,42.514862,0.0374867124482989,2.492770322132451,5000,3100,39.765755300645054,9.999008422899209,0.6054349467801121,0
Cell6,2000,662.6077744153612,89.54159113721097,3.742891639236973,2.7000356,4.1904416,0.2344744751364977,41.48423724255583,42.552299,0.0372957587242126,2.4802641516147874,5000,3000,39.96073790274023,10.458408862789028,0.6047972442743607,0
Cell6,2100,660.0615587268948,89.19750793606686,3.743131165711616,2.6999552,4.1912842,0.2344610230530646,41.48520510526316,42.539795,0.0371513897553086,2.47078434406206,5000,2900,40.1408633420925,10.802492063933144,0.6056122084978164,0
Cell6,2200,656.3749726963332,88.69932063463962,3.743186041358798,2.7000041,4.1900492,0.2336834470715519,41.47652724483407,42.514862,0.0369449394056573,2.457195912140999,5000,2800,40.3304158446121,11.30067936536038,0.6038691332989216,0
Cell6,2300,654.4088374134284,88.43362667749032,3.743237223586683,2.6998436,4.1909318,0.2339857143079703,41.49484355119347,42.602242,0.0368330916389822,2.4498010408348803,5000,2700,40.481199173158224,11.566373322509676,0.6049926708288073,0
Cell6,2400,650.3692897362026,87.8877418562436,3.743931166656132,2.6999447,4.1902709,0.2321915133222431,41.468398954488,42.527328,0.0366075782803818,2.4350175545718846,5000,2600,40.70975356064706,12.112258143756407,0.6031618018160377,0
Cell6,2500,648.4450826764289,87.6277138751931,3.743615523866878,2.6998243,4.1907921,0.2332052320881992,41.476351207290016,42.527328,0.0364974507829174,2.427723386512372,5000,2500,40.85016673359264,12.372286124806905,0.6042926704501653,0
Cell6,2600,644.3100797990757,87.06892970257779,3.744069595215312,2.6997921,4.1893959,0.2311808836192419,41.43327198245613,42.489887,0.0362666986184194,2.412517977814018,5000,2400,41.072465492571126,12.93107029742221,0.6017923037630922,0
Cell6,2700,643.5074922832472,86.96047193016854,3.743774560236346,2.7000327,4.1903186,0.2323545937900121,41.48088394282976,42.514862,0.0362199511146172,2.409336417538656,5000,2300,41.14430610295559,13.039528069831462,0.6034378915725059,0
Cell6,2800,641.3314137706706,86.66640726630683,3.7437482775641024,2.6998723,4.1898775,0.2319667082423332,41.48810209134616,42.514862,0.0360972307389602,2.401087548082044,5000,2200,41.276405228133875,13.333592733693166,0.6028773276160774,0
Cell6,2900,637.279799374644,86.11889180738433,3.744326651467269,2.700073,4.189075,0.2301635788415752,41.52214793582715,42.602242,0.0358683560043573,2.3864501100256805,5000,2100,41.511813031132206,13.88110819261567,0.6010112818009876,0
Cell6,3000,636.6215899044223,86.02994458167869,3.744268932353891,2.7001131,4.1899576,0.2308813333987682,41.46307043558282,42.477386,0.0358326529385522,2.383757476026826,5000,2000,41.57668498254408,13.970055418321309,0.6022819833055523,0
Cell6,3100,633.9956139734056,85.67508296937913,3.743795173484602,2.7001131,4.1896768,0.2315250447464465,41.51634849141005,42.514862,0.0356844026828184,2.373797958459121,5000,1900,41.74154102279996,14.324917030620867,0.6025427385343219,0
Cell6,3200,630.1612188131205,85.1569214612325,3.744446497097195,2.6998322,4.1884737,0.2292136570875848,41.5004492446184,42.564766,0.0354674046393483,2.3597942664204274,5000,1800,41.970917923624796,14.8430785387675,0.6000367606794668,0
Cell6,3300,629.0775840845405,85.01048433574871,3.744095896765763,2.6998723,4.1893559,0.2310233289474739,41.559261721332895,42.552299,0.0354082992998883,2.355544493807148,5000,1700,42.06475783057075,14.989515664251286,0.6017027070732928,0
Cell6,3500,622.9330971371867,84.18014826178198,3.746699054833388,2.700027,4.1878262,0.2275644372496343,41.587203908611016,42.627216,0.0350638560485094,2.3341041611705777,5000,1500,42.42992464996148,15.81985173821802,0.5961177637386648,0
Cell6,3600,622.4655750181377,84.11696959704564,3.746567895378013,2.7001474,4.1898317,0.229376448378703,41.585960510399474,42.577271,0.0350362858735024,2.3323578097199955,5000,1400,42.51711463548612,15.883030402954361,0.5990051413810639,0
Cell6,3700,620.3313260135905,83.82855756940411,3.74687671683234,2.6999469,4.1895509,0.2286933666660499,41.66066386282306,42.901863,0.0349152185954153,2.324436268334946,5000,1300,42.66223720444899,16.17144243059589,0.5982083556319735,0
Cell6,3800,616.1640442853969,83.26541138991851,3.747928493729152,2.6999869,4.1878662,0.2258623084480733,41.54605633555704,42.614708,0.0346801269333809,2.309533705237381,5000,1200,42.90169990317999,16.734588610081488,0.5945104138795244,0
Cell6,3900,615.9681421137119,83.23893812347458,3.747404569002336,2.700027,4.1893101,0.2277024169135272,41.55247738672006,42.564766,0.0346701798262074,2.3084494562841726,5000,1100,42.954497293290096,16.761061876525417,0.5971696364833301,0
Cell6,4000,613.5031779021912,82.90583485164746,3.7472264640871016,2.700027,4.1893101,0.2278458634584567,41.573703000670015,42.589737,0.0345320849446579,2.29908883318296,5000,1000,43.126268689481364,17.094165148352545,0.5974103188012143,0
Cell6,4100,609.6173818637355,82.38072727888319,3.747855237525288,2.700027,4.1875453,0.2257806936381785,41.5517175,42.589737,0.0343119833851233,2.284911264144129,5000,900,43.35147087923946,17.619272721116815,0.5941757601009624,0
Cell6,4200,609.0230988884279,82.30041876870646,3.7470605608504894,2.7001884,4.188108,0.2268159189518745,41.54188114174823,42.539795,0.0342808861751109,2.2821325784419275,5000,800,43.40250102925342,17.699581231293536,0.5960100529047436,0
Cell6,4300,607.3699490541111,82.07702014244744,3.74645064145516,2.6999075,4.1883883,0.2279647440005125,41.569822474788495,42.527328,0.0341858980245888,2.2756140112186785,5000,700,43.53951033900224,17.922979857552562,0.5972130520876213,0
Cell6,4400,605.5915026358235,81.83668954538156,3.745876819647099,2.7000279,4.188148,0.2287030712966709,41.5644559711571,42.46492,0.0340862938901409,2.2687333315729394,5000,600,43.65615248884308,18.16331045461844,0.5976637572336498,0
Cell6,4500,601.5582612949864,81.29165693175491,3.746941780936112,2.6999478,4.1865435,0.22581477383666,41.57526368705159,42.577271,0.0338587055448442,2.254192415000835,5000,500,43.9045666841708,18.708343068245085,0.5940563771133623,0
Cell6,4600,586.0442340937907,79.19516676943118,3.745101933882848,2.7001483,4.1870646,0.2271653057837688,41.57526006980007,42.539795,0.0329855916788801,2.194864424812909,5000,400,45.0763848073461,20.804833230568818,0.5972468461042598,1
Cell6,4800,586.3836032445917,79.24102746548536,3.742337811076061,2.6998072,4.1871247,0.229339053393696,41.60836655485453,42.539795,0.0330053505022078,2.1945785029796934,5000,200,45.06155565125303,20.75897253451464,0.6010633634107284,1
Cell6,5000,579.0231519723749,78.24637188815878,3.74339966457224,2.7000194,4.1859331,0.2262930038460423,41.58314467021654,42.527328,0.0325921315234154,2.167580050167491,5000,0,45.58978013304726,21.753628111841223,0.5980181559834591,1
Cell7,0,728.7460724569092,98.4791989806634,3.735573551650212,2.6998887,4.1922407,0.2456294138091879,41.06892507136813,41.959953,0.0410119995940476,2.722467331237923,8100,8100,36.387292194462944,1.5208010193366022,0.617117768040254,0
Cell7,100,720.3477780451694,97.34429433042833,3.73609677739726,2.6998887,4.1933227,0.2451847807675829,41.187235021689496,42.022324,0.040542543050833,2.6913571016223496,8100,8000,36.835310572821705,2.655705669571674,0.6178728683820813,0
Cell7,200,716.2137717431438,96.78564483015457,3.7364890379626976,2.7000489,4.1932425,0.2448189338522573,41.16550731535151,42.009857,0.0403168635675683,2.6762907652563293,8100,7900,37.03553382727168,3.214355169845433,0.617234408158517,0
Cell7,300,713.9550899355027,96.48041755885173,3.736449420270659,2.6999109,4.1929045,0.2441040150234734,41.242054684710624,42.134598,0.0401794022182002,2.6678311903410754,8100,7800,37.15725870269488,3.5195824411482732,0.6168311888234337,0
Cell7,400,710.350491252628,95.99330962873351,3.737120698408565,2.7001114,4.1934652,0.2436757779884091,41.23236535329861,42.109627,0.0399812428513541,2.6548475251474577,8100,7700,37.35042592662918,4.006690371266487,0.6166817589073448,0
Cell7,500,707.6044991402621,95.62222961354892,3.737279688614581,2.7000313,4.1934652,0.2433461502768708,41.23087195759512,42.122131,0.0398300471715629,2.644710283087857,8100,7600,37.49421634754878,4.3777703864510755,0.6164669072775938,0
Cell7,600,705.1038567303704,95.28430496356356,3.7374968915768,2.699991,4.1935453,0.243031906923181,41.29804007228213,42.159531,0.0396912164287641,2.635517897613745,8100,7500,37.628392525786325,4.715695036436443,0.6162816330043246,0
Cell7,700,705.0077744360792,95.27132086974044,3.737089165928301,2.7000945,4.1929674,0.2427697512907126,41.23274680472166,42.147064,0.0396898466860875,2.63490334084738,8100,7400,37.612523406392434,4.7286791302595645,0.6160516676644577,0
Cell7,800,702.2042278220113,94.89246321919072,3.737683450599941,2.7000945,4.1934485,0.2421608493496679,41.26580475153644,42.159531,0.0395336530636996,2.624739134978749,8100,7300,37.773292144333624,5.1075367808092835,0.6158987154054847,0
Cell7,900,700.1065200427925,94.60898919497195,3.737701380275903,2.7000945,4.1932883,0.2419992206645375,41.28357937863223,42.147064,0.0394166125915944,2.6169372417261174,8100,7200,37.88138605630356,5.391010805028046,0.6156579996271577,0
Cell7,1000,698.0250408537157,94.3277082234751,3.737810133264645,2.7000544,4.1936488,0.2417862634056568,41.30054093523698,42.134598,0.0393004321958869,2.6092417430316344,8100,7100,38.00356161464041,5.672291776524901,0.6159981982910201,0
Cell7,1100,695.9609703262058,94.0487797738116,3.737759433274284,2.7001345,4.1934085,0.2414992277921683,41.28111703956303,42.171997,0.039185824454762,2.6014746982475514,8100,7000,38.10653250874828,5.951220226188397,0.6157419820617788,0
Cell7,1200,694.0032339821371,93.7842208083969,3.737735300740083,2.7000945,4.1931682,0.2414297094104377,41.27914661752516,42.122131,0.0390778121072799,2.594208487302751,8100,6900,38.20673197284465,6.215779191603104,0.6154498638647524,0
Cell7,1300,692.0996562801377,93.52698057839696,3.737625248679133,2.7001345,4.1931682,0.2413068466426247,41.267545669634906,42.184505,0.0389705427223816,2.5870724115066306,8100,6800,38.310869822008385,6.473019421603041,0.6155985828660363,0
Cell7,1400,690.2711085194838,93.27987952965998,3.737704962678571,2.6998942,4.193048,0.2410478499195809,41.29019779761904,42.184505,0.0388673545094206,2.5802771842579664,8100,6700,38.41566793464594,6.720120470340021,0.6153284288127421,0
Cell7,1600,686.4617323634372,92.76509896803204,3.737878938323353,2.7002058,4.1925979,0.2396839164541877,41.26795385958084,42.246872,0.0386443259194493,2.565994893838609,8100,6500,38.617661114067964,7.234901031967965,0.6144850833468202,0
Cell7,1800,682.4584052490438,92.22410881743836,3.7377687387834975,2.7000856,4.1925578,0.2393448830202153,41.29816639114724,42.234371,0.0384219323750585,2.551001560068361,8100,6300,38.843266449096156,7.775891182561637,0.6145798124547336,0
Cell7,1900,680.1674774869656,91.91452398472508,3.737813605891239,2.6999373,4.1922894,0.2391206012130287,41.31409519486405,42.271805,0.0382908305618912,2.54253891438572,8100,6200,38.97311980392023,8.08547601527492,0.6141564785253526,0
Cell7,2000,677.9978592043389,91.62133232491064,3.738195564989391,2.700165,4.1923566,0.2384712183487216,41.398078030918455,42.35915,0.0381687055341899,2.5345928768547648,8100,6100,39.09361047240444,8.37866767508936,0.613731128392715,0
Cell7,2100,676.4506853791333,91.41225478096396,3.737881261603889,2.6999247,4.1929979,0.2389085230783004,41.361990353584446,42.29678,0.0380860808072611,2.52862867972469,8100,6000,39.201565684586505,8.587745219036037,0.6150224843190688,0
Cell7,2200,673.9377403666314,91.07266761711234,3.737852820731708,2.700007,4.1920786,0.2383422637579606,41.36003086432927,42.35915,0.0379413722548633,2.51932138908892,8100,5900,39.32467875170227,8.927332382887656,0.6138186206328273,0
Cell7,2300,672.468531256646,90.8741258454927,3.737616281607088,2.700047,4.1928802,0.2386635778512389,41.3674565563703,42.334179,0.0378618750255554,2.5136461734681457,8100,5800,39.42735988728849,9.1258741545073,0.6152215113417735,0
Cell7,2400,669.8150416123352,90.51554616382909,3.737742692975461,2.6998732,4.1921048,0.2378921790659446,41.32822831717792,42.29678,0.0377085064537823,2.503863307844039,8100,5700,39.571761614777856,9.484453836170914,0.6140028473304583,0
Cell7,2500,668.3161981719089,90.31299975296066,3.73739492662158,2.6999533,4.1927462,0.2384064435252233,41.31509234921611,42.246872,0.0376280742930248,2.4980204925272576,8100,5600,39.67126292757926,9.687000247039336,0.6153395586194867,0
Cell7,2600,665.2058399162529,89.8926810697639,3.737879757275255,2.6999156,4.1917067,0.2367370134906104,41.26780958665432,42.221905,0.0374491221737116,2.486600571162433,8100,5500,39.83407832637657,10.107318930236104,0.6132796523307368,0
Cell7,2700,663.9368706189983,89.72119873229707,3.7375660891674407,2.7000358,4.1922278,0.2373861417602441,41.324280510058806,42.271805,0.0373814357444644,2.4816194414646966,8100,5400,39.916928104958075,10.278801267702931,0.6144077173412968,0
Cell7,2800,662.0301297966885,89.46353105360654,3.737303177746741,2.6999557,4.1921072,0.237478242436518,41.3284981489758,42.309246,0.0372738008154556,2.47438233953943,8100,5300,40.0311059309885,10.536468946393455,0.6146000300719711,0
Cell7,2900,658.9018480706211,89.04079027981366,3.738060471655753,2.6999958,4.1915865,0.2361051964772438,41.403229405986906,42.371616,0.0370970804942771,2.463245274268156,8100,5200,40.206681319538845,10.959209720186337,0.6128730112760089,0
Cell7,3000,657.9000267184718,88.90540901600971,3.737412813054341,2.7001162,4.1923079,0.2368782555865075,41.275099305746416,42.221905,0.037041135248728,2.459040797308494,8100,5100,40.28363078910903,11.094590983990287,0.6147230904671069,0
Cell7,3100,655.9158499218208,88.63727701646228,3.737340275438597,2.6999156,4.1918669,0.2366440355319987,41.35540804010025,42.271805,0.0369293383555486,2.4515048097832706,8100,5000,40.399069340664234,11.362722983537722,0.6142251683262203,0
Cell7,3200,652.8250279489034,88.21959837147344,3.7377887895498896,2.6997955,4.1912255,0.235173485342571,41.35878471041864,42.321712,0.0367544810287654,2.440266657002105,8100,4900,40.577077438675985,11.780401628526562,0.6127523114190679,0
Cell7,3300,651.8482504032085,88.08760140583898,3.737433138776797,2.7002764,4.1915064,0.2361362495028707,41.417037845838585,42.35915,0.0367008023895323,2.4363092168953018,8100,4800,40.63097458192714,11.912398594161019,0.6136125151664903,0
Cell7,3500,647.4990219249642,87.49986782769787,3.739335267629324,2.699913,4.190742,0.234281214957555,41.47989148016503,42.45892,0.0364520759321749,2.421388549137851,8100,4600,40.89720721438864,12.50013217230213,0.6100090977982109,0
Cell7,3600,646.8315112267524,87.40966367929086,3.73892154364676,2.7000735,4.1918645,0.2351662700510711,41.46298856067344,42.409054,0.0364188143284991,2.418600156832685,8100,4500,40.96097213852762,12.590336320709142,0.6120850761530274,0
Cell7,3700,645.304202881158,87.20327065961594,3.738751783412926,2.7000735,4.1919446,0.2352330551518024,41.55731509646609,42.858112,0.0363326400984078,2.4128763068644576,8100,4400,41.06032580163573,12.796729340384061,0.6124227251176682,0
Cell7,3800,642.4368996081984,86.81579724435113,3.739765561368724,2.7000735,4.1914234,0.2336270850429429,41.40903778861529,42.384079,0.0361695133615285,2.402825317039496,8100,4300,41.231095757303294,13.184202755648869,0.6103484305828047,0
Cell7,3900,641.9201636369663,86.7459680590495,3.7390584337708064,2.6999931,4.1918244,0.2344533878677392,41.42993201952625,42.42152,0.0361414165236055,2.400320164863522,8100,4200,41.27646802547495,13.254031940950497,0.6118459003097209,0
Cell7,4000,640.2204043260972,86.516270854878,3.738534893934532,2.6998329,4.1916237,0.2347214205809793,41.41486754942233,42.446453,0.0360452146269381,2.393693828964033,8100,4100,41.385505120006506,13.483729145121998,0.6122821703587403,0
Cell7,4100,637.2624875981344,86.11655237812627,3.739120465559497,2.7000332,4.1909022,0.2328595455277678,41.403730631086745,42.371616,0.0358773143962025,2.382901337006248,8100,4000,41.55348502542247,13.883447621873728,0.6105158573520312,0
Cell7,4200,636.4617755194159,86.00834804316432,3.738269055828221,2.7000985,4.1907272,0.2338337522589578,41.398440366160806,42.35915,0.0358299926156178,2.379384059811801,8100,3900,41.601657983381514,13.991651956835682,0.6114299245564587,0
Cell7,4300,634.8833453988138,85.79504667551538,3.737836476148867,2.699858,4.1910477,0.2348036473508468,41.461582032038834,42.409054,0.0357447502901777,2.373292244101984,8100,3800,41.71655897259913,14.20495332448462,0.6124475997988287,0
Cell7,4400,633.3857813411086,85.59267315420385,3.737397919364256,2.6999781,4.1906471,0.2351687396814622,41.46581596496919,42.42152,0.0356606434797868,2.3674742400395536,8100,3700,41.80034497975166,14.407326845796149,0.612498892751005,0
Cell7,4500,630.5555548837211,85.21021011942177,3.737911029488433,2.6999781,4.189805,0.233131220422837,41.4469164398827,42.42152,0.0355000295676291,2.3571876029421044,8100,3600,41.965737843233384,14.789789880578226,0.6106675277183334,0
Cell7,4600,630.0056152500645,85.13589395271141,3.73734948737769,2.7000182,4.1904464,0.2348177990567477,41.482370095238096,42.42152,0.0354702738113701,2.354692229829417,8100,3500,42.01789335014668,14.864106047288587,0.6122931251652839,0
Cell7,4800,626.7490104275444,84.69581221993843,3.737109897180329,2.7001288,4.1904368,0.2347199580358576,41.48203695409836,42.409054,0.0352867051260545,2.342340489316664,8100,3300,42.2330665787512,15.304187780061568,0.6126039227292848,0
Cell7,5000,623.0463727946269,84.1954557830577,3.736395857684697,2.6998756,4.1890211,0.2336574601440658,41.495874930079154,42.433987,0.0350752657977864,2.328109552332495,8100,3100,42.45450495172086,15.804544216942304,0.6116557328585173,0
Cell7,5100,621.9010570358344,84.04068338322087,3.7359844926660064,2.6999958,4.1897826,0.2352677115094108,41.49165932408325,42.371616,0.0350154733750969,2.323612418573193,8100,3000,42.545312431705646,15.959316616779134,0.6132406855864778,0
Cell7,5200,618.8233159558885,83.62477242647142,3.7370904711487385,2.6999488,4.1893349,0.2320289115318,41.13605185159363,42.271805,0.0348388005513697,2.312852322067993,8100,2900,42.74955873538852,16.375227573528576,0.6111411200692729,0
Cell7,5300,618.954853098738,83.64254771604568,3.735459040092931,2.6999888,4.1896558,0.2348769132388359,41.12637987819449,42.134598,0.0348511681659147,2.312315769708232,8100,2800,42.742448415501705,16.357452283954316,0.6137794052798228,0
Cell7,5400,617.5276695204672,83.4496850703334,3.7351233388888896,2.6998284,4.1895752,0.2352662627943823,41.0997589594145,42.047256,0.0347698599798604,2.306784227725683,8100,2700,42.844692390779954,16.550314929666598,0.6141241366366359,0
Cell7,5500,614.2925687191706,83.01250928637441,3.736660314648829,2.7002294,4.1887736,0.2315810810792722,41.16791447157191,42.271805,0.0345859810477122,2.2956225844526963,8100,2600,43.03770247962888,16.98749071362559,0.6109638991232045,0
Cell7,5600,614.5690801391297,83.049875694477,3.735053853527248,2.6999488,4.1891747,0.2345064717247479,41.121504110665335,42.109627,0.0346041105221957,2.2955444318377483,8100,2500,43.03485460752426,16.950124305523005,0.6136768195577723,0
Cell7,5700,613.1146593468561,82.85333234416974,3.734838902144772,2.6999087,4.1890945,0.2350291396736699,41.11676985723861,42.047256,0.0345214413246139,2.290012256410613,8100,2400,43.13674650055055,17.146667655830257,0.6138589160205787,0
Cell7,5800,611.3462823719076,82.61436248269021,3.734874418655462,2.6999488,4.188333,0.234089791919937,41.17738550420168,42.221905,0.0344202056294307,2.2833774321679083,8100,2300,43.24032737329244,17.38563751730979,0.6127818666818083,0
Cell7,5900,610.0332969423896,82.43693201924184,3.734399539642977,2.700109,4.1886134,0.2352167120363711,41.13612367901651,42.134598,0.0343485854100436,2.278220137226884,8100,2200,43.333984449336945,17.563067980758163,0.6138025139959773,0
Cell7,6000,608.8085860090601,82.27143054176489,3.734220619001012,2.7000289,4.1883731,0.2354400378107842,41.12919223455957,42.072227,0.0342789069982245,2.2735435952182725,8100,2100,43.417393170789154,17.728569458235114,0.6137195689175512,0
Cell7,6100,606.0533887321608,81.89910658542713,3.7354378449643946,2.7000372,4.1868582,0.2319896940454097,41.19059657307562,42.309246,0.034119221731089,2.2639517132667883,8100,2000,43.57594776839527,18.100893414572866,0.6100275068048717,0
Cell7,6200,605.9034227150879,81.87884090744431,3.734047191759918,2.7002778,4.1884212,0.2352875878305182,41.14869190640895,42.09716,0.0341156042413786,2.262611330451821,8100,1900,43.6193294464838,18.121159092555686,0.6140189300541643,0
Cell7,6300,604.6515080966797,81.70966325630806,3.733737012606184,2.6999972,4.1883411,0.2357629943586889,41.11801953584778,42.047256,0.0340444698231294,2.2577818496912325,8100,1800,43.71635661755112,18.290336743691938,0.6143298478294804,0
Cell7,6400,601.8397427911003,81.32969497177032,3.735509483817003,2.6999571,4.1868982,0.2316350363263768,41.19668105155343,42.259338,0.0338844857178628,2.248314701246338,8100,1700,43.88135712087951,18.670305028229677,0.6099847515986446,0
Cell7,6500,602.0161384365811,81.35353222115961,3.734179564539249,2.7001173,4.1880608,0.2349625761888465,41.41226146552901,42.508823,0.033896537264809,2.248161737559785,8100,1600,43.89532750937396,18.64646777884039,0.6133530208929066,0
Cell7,6600,600.7270194675835,81.17932695507886,3.733628721169631,2.6999972,4.1879406,0.2357154180774738,41.41839495964432,42.471424,0.0338234839728102,2.243082985611462,8100,1500,43.99012860613285,18.820673044921136,0.6139349713923906,0
Cell7,6700,598.7575378921711,80.91318079623933,3.73757435295127,2.7002153,4.1873169,0.2302254655692671,41.48391061873713,42.770813,0.0337067310465499,2.238113583369396,8100,1400,44.11752300818864,19.08681920376067,0.6077601987144999,0
Cell7,6800,599.0486078144938,80.95251456952619,3.734900089506173,2.699975,4.1884394,0.2341236405730359,41.51172395953361,42.633564,0.0337287851143628,2.2376177749400914,8100,1300,44.129080424119955,19.047485430473813,0.6128909601267936,0
Cell7,6900,597.851621443797,80.79075965456715,3.7343468207560138,2.7000551,4.1884794,0.2346244552766773,41.45697761752577,42.546261,0.0336608060169965,2.232788294146409,8100,1200,44.21700663501137,19.209240345432846,0.6136926746540359,0
Cell7,7000,594.991572602095,80.40426656785067,3.736447292472376,2.7000551,4.1867962,0.2305247791033036,41.52113295476519,42.795746,0.0334971222328022,2.2233906886555235,8100,1100,44.38281912244459,19.59573343214933,0.6085796047670591,0
Cell7,7100,597.1592893788655,80.69720126741427,3.7345590190295934,2.6998947,4.1912851,0.2349430530794742,41.46911651376463,42.608631,0.0336198467994108,2.230232204199107,8100,1000,44.35909686921199,19.302798732585728,0.6171974067167656,0
Cell7,7200,593.9663081994765,80.26571732425359,3.733025657627119,2.7000151,4.1877179,0.235261073011143,41.53618152680733,42.608631,0.0334430470829829,2.217457233437234,8100,900,44.48333649060605,19.734282675746414,0.6144489761795688,0
Cell7,7300,592.768780769216,80.10388929313731,3.7324703862045054,2.699975,4.1875176,0.2356178758556902,41.46510305129983,42.533794,0.0333736628526821,2.2126537993222857,8100,800,44.57101504114388,19.896110706862686,0.6149286672912083,0
Cell7,7400,590.6981891224568,79.82407961114282,3.7325759172521744,2.7000151,4.1858745,0.233556633645101,41.43066532591305,42.583698,0.0332553191110491,2.2050390723247992,8100,700,44.67900957524601,20.17592038885718,0.6125656523619261,1
Cell7,7500,589.9650195246209,79.72500263846229,3.7319394663880177,2.7002153,4.1871166,0.2357796822932499,41.41924703030303,42.433987,0.0332152812043204,2.201812157673401,8100,600,44.764231457873166,20.274997361537714,0.6151042346107876,1
Cell7,7600,588.6221542203064,79.54353435409546,3.7314717239092494,2.7000551,4.1871967,0.2364397347087557,41.373501326352525,42.409054,0.0331401609582826,2.196626796997017,8100,500,44.87294823111305,20.456465645904544,0.6158445622847986,1
Cell7,7700,586.5107416551988,79.25820833178362,3.732554210476524,2.6998546,4.1849523,0.2329013841148215,41.43017596811492,42.646069,0.0330191476969048,2.189268665331837,8100,400,44.97550143118251,20.74179166821638,0.6113487696263187,1
Cell7,7800,586.0648501349624,79.19795272094086,3.731105744985975,2.7001753,4.1865554,0.2361666915746531,41.3968240259467,42.35915,0.0329964527627453,2.186746490617199,8100,300,45.0452982139927,20.80204727905914,0.6154725067757089,1
Cell7,7900,584.9615834635077,79.04886263020376,3.730628698524763,2.6997344,4.186636,0.2367792397473776,41.36127999297506,42.35915,0.0329340130556374,2.182433438416222,8100,200,45.146531367337374,20.951137369796243,0.6162260830746443,1
Cell7,8000,582.8396748034193,78.76211821667827,3.732014091963341,2.7000551,4.1845918,0.2332791512232899,41.40705221642581,42.633564,0.0328127194661647,2.175429430734643,8100,100,45.24134185796139,21.237881783321725,0.6115914973468363,1
Cell7,8100,582.8069570864598,78.75769690357565,3.730386883497885,2.7000952,4.1861548,0.2362805216532952,41.42638687059238,42.433987,0.0328121822094544,2.174154432980291,8100,0,45.288493828916856,21.24230309642435,0.6159025898677228,1
Cell8,0,727.5279508776244,98.31458795643574,3.7347793772226927,2.7000058,4.1901021,0.2446218616135008,40.49258756308214,41.466637,0.040984446182847,2.7174119198625584,8100,8100,36.35671778104557,1.6854120435642557,0.6153009767260907,0
Cell8,100,720.0435691727091,97.30318502333908,3.736621133913292,2.6996851,4.1925478,0.2443992230727023,40.5524001891044,41.529045,0.0405641633551567,2.690620159022357,8100,8000,36.80159468186204,2.6968149766609173,0.616117116333389,0
Cell8,300,713.4368676427137,96.41038751928562,3.737342126655153,2.7000573,4.1924791,0.2434784768303384,40.59150122625216,41.603924,0.040195140754804,2.6664572429205022,8100,7800,37.12848477429104,3.589612480714379,0.6150499639795228,0
Cell8,400,709.5431372565274,95.88420773736856,3.737884436845152,2.6998568,4.1931205,0.2432980237375658,40.58025967351664,41.578953,0.0399712357902899,2.6523379857972587,8100,7700,37.357522552259766,4.1157922626314445,0.6151838691281732,0
Cell8,500,706.6031208953756,95.4869082291048,3.7381321737866897,2.7002575,4.1932807,0.2429040714929119,40.5819772598082,41.578953,0.0398109453963115,2.641486936450766,8100,7600,37.50189007689952,4.513091770895201,0.6150655759639326,0
Cell8,600,703.9271830937772,95.1252950126726,3.738330281126021,2.6999769,4.1932406,0.2425983203214198,40.61361527012836,41.603924,0.0396602742839604,2.6316307060573108,8100,7500,37.6504216508217,4.874704987327405,0.6147436741540259,0
Cell8,700,702.8268331586339,94.97659907549108,3.738140283016662,2.7002196,4.1926818,0.2421779447399769,40.58851047354575,41.666294,0.0395813583163544,2.6273582858630284,8100,7400,37.70523696622072,5.02340092450892,0.6142452932207267,0
Cell8,800,699.6604835476685,94.5487139929282,3.738521251086319,2.7001796,4.1930022,0.2420853278746025,40.5989870631239,41.61639,0.0394034866476431,2.615862787322758,8100,7300,37.8845843964139,5.4512860070718006,0.6141634444779469,0
Cell8,900,697.5051870107625,94.25745770415708,3.7383967483510014,2.699899,4.193203,0.2421709624945426,40.59921052767962,41.628857,0.0392823696602135,2.6078173864885845,8100,7200,38.013643252005174,5.742542295842924,0.6146030427689164,0
Cell8,1000,695.446358352956,93.97923761526434,3.738756322481536,2.7000995,4.1930022,0.2413604260390021,40.60978014062039,41.653828,0.039165856083855,2.600171836360287,8100,7100,38.11648034255653,6.0207623847356615,0.613845780430356,0
Cell8,1100,693.3844109134182,93.70059606938082,3.7385218008886256,2.7000995,4.1933632,0.2416764150331855,40.62432840906399,41.653828,0.0390519206412136,2.592487813334738,8100,7000,38.236927622363766,6.299403930619178,0.6146505393396955,0
Cell8,1200,691.3525594293859,93.4260215445116,3.738599873054071,2.699899,4.1929221,0.2413410766558801,40.618386104575166,41.641361,0.0389376211678609,2.5849199874140574,8100,6900,38.342988406387356,6.573978455488401,0.613948955332336,0
Cell8,1300,689.3511783582153,93.15556464300208,3.73873219931466,2.7000995,4.1929622,0.2408971559708885,40.63216336680572,41.691265,0.0388256828300654,2.577457810825776,8100,6800,38.449401060963254,6.84443535699792,0.6138243252504596,0
Cell8,1400,687.4919010955946,92.90431095886412,3.738810219480131,2.699939,4.1930022,0.2406912737604553,40.657315057364805,41.678761,0.0387215727241709,2.5705604670044786,8100,6700,38.55795457175341,7.095689041135884,0.6137729466484712,0
Cell8,1600,683.6927504525519,92.39091222331784,3.73892257328726,2.6999078,4.1922894,0.2396058092173697,40.65031426141827,41.741169,0.0385056940140202,2.5563538961129373,8100,6500,38.75641984369333,7.609087776682159,0.6126578739361351,0
Cell8,1800,679.848343976271,91.87139783463122,3.738615351359517,2.7001483,4.1921291,0.2396427067090378,40.66993473564955,41.778606,0.0382885828148573,2.541932374599303,8100,6300,38.96571052273452,8.128602165368775,0.6128564170817338,0
Cell8,1900,677.445316785953,91.54666443053418,3.738813773044269,2.6996922,4.1920338,0.2390443947216663,40.67136035627652,41.778606,0.0381519972579553,2.5330407569224898,8100,6200,39.11466220884733,8.453335569465821,0.6124594958861229,0
Cell8,2000,675.2706367701213,91.2527887527191,3.739002254000608,2.6999779,4.1919985,0.2385001221563564,40.715598957103744,41.816048,0.0380279532400891,2.5249767829960503,8100,6100,39.233806688824465,8.747211247280902,0.6121570891883684,0
Cell8,2100,673.7840156124403,91.05189400168112,3.7387757885060977,2.7000179,4.1924396,0.2389350407189009,40.69402269329269,41.753635,0.0379458286333829,2.5192855415948903,8100,6000,39.32928662942532,8.94810599831888,0.6130592047214898,0
Cell8,2200,671.1616689531791,90.69752283151068,3.739006007713499,2.6999731,4.1917133,0.2378337379604332,40.67961192072238,41.803581,0.0377983421785756,2.5095816631647128,8100,5900,39.46471324692809,9.302477168489318,0.6117666111979743,0
Cell8,2300,669.7381704212172,90.50515816502936,3.7387442931595096,2.7000535,4.1921945,0.2382312913537351,40.67884496257668,41.716198,0.0377189423888921,2.504054207117929,8100,5800,39.558411426402685,9.494841834970643,0.6127705497844468,0
Cell8,2400,666.3400254420031,90.04594938405448,3.738806759956844,2.7001805,4.1913996,0.23742418004882,40.672497430024656,41.778606,0.0375281916931271,2.491493347053137,8100,5700,39.73491121774129,9.954050615945519,0.6116119460042643,0
Cell8,2500,664.4188097638958,89.78632564376969,3.7384728764451314,2.6998999,4.1922011,0.2381301246580341,40.65669844049459,41.728703,0.0374206255655735,2.4841508790192064,8100,5600,39.878043175464335,10.213674356230314,0.6131462480471199,0
Cell8,2600,660.65981312422,89.2783531248946,3.7392041627798513,2.6999648,4.1911836,0.2360423574624952,40.63588425777363,41.76614,0.0372090064920485,2.4704287715163367,8100,5500,40.075746837578805,10.721646875105407,0.6107830232704705,0
Cell8,2700,659.2901306798706,89.09326090268522,3.738578508068536,2.6999648,4.1917048,0.2374062727901176,40.65894677601246,41.728703,0.0371313736541196,2.46504523790399,8100,5400,40.173569669831785,10.906739097314784,0.6123328269344108,0
Cell8,2800,656.7032675046592,88.74368479792692,3.73867380925868,2.6998847,4.1914644,0.2369108311976937,40.67122463371911,41.741169,0.0369858730118721,2.455344264564969,8100,5300,40.32727231418645,11.256315202073083,0.6118791766774596,0
Cell8,2900,652.6045603641833,88.18980545461936,3.739650589235128,2.6998847,4.1905823,0.2349085825865242,40.72254967422096,41.853481,0.0367534740362316,2.440676229772055,8100,5200,40.55826233645757,11.81019454538064,0.6093671767092865,0
Cell8,3000,651.5216355353732,88.04346426153693,3.739202304823455,2.6999247,4.1915045,0.2359962394530872,40.63714969672132,41.753635,0.0366953393677249,2.436338480961453,8100,5100,40.64655564287351,11.956535738463074,0.6112191826710064,0
Cell8,3100,649.2333106060079,87.73423116297404,3.738870526099336,2.7001252,4.1912236,0.2362133524358361,40.68326567130655,41.753635,0.036564991576597,2.427623467180926,8100,5000,40.778284293932124,12.26576883702596,0.6112879377035998,0
Cell8,3200,645.7033994370321,87.25721614013948,3.739361838231552,2.7000449,4.1902213,0.2344772369540982,40.70567839917303,41.865948,0.0363659069407731,2.414786155708807,8100,4900,40.97616556796792,12.742783859860523,0.6092695429303355,0
Cell8,3300,644.6697350407342,87.11753176226136,3.738776559573113,2.6998847,4.1910233,0.2359919808512497,40.72091610640331,41.76614,0.0363087865989655,2.41052839262981,8100,4800,41.067126515210205,12.882468237738635,0.6111442438201182,0
Cell8,3500,639.1331897895914,86.36934997156641,3.740963429305913,2.7000363,4.1898923,0.2332060437629238,40.72309916677378,41.853481,0.0359963653609156,2.391226804383497,8100,4600,41.387917839610076,13.630650028433593,0.6066606360730912,0
Cell8,3600,638.4180527239549,86.27270982756147,3.7409049905727154,2.6999161,4.191175,0.2342289595560137,40.73166615926641,41.828514,0.0359554954338818,2.3884130753602384,8100,4500,41.47397798381617,13.72729017243853,0.6084729857125472,0
Cell8,3700,636.1130349142321,85.96122093435568,3.740936004811108,2.6999161,4.1908946,0.234064380074578,40.76664892670326,41.903389,0.0358266407856717,2.3798388099077594,8100,4400,41.615313408977705,14.03877906564432,0.608052155660665,0
Cell8,3800,632.0343069341329,85.41004147758554,3.742552523399415,2.6999562,4.1898923,0.2312267704603174,40.72361608254794,41.853481,0.035597029607743,2.3655682375565856,8100,4300,41.85445420484513,14.589958522414463,0.6045132116224129,0
Cell8,3900,631.3156809755113,85.31292986155559,3.741399383669486,2.6998761,4.1907344,0.2333790375822772,40.71879542517892,41.791073,0.0355569333769381,2.362250472199058,8100,4200,41.92758572878507,14.687070138444412,0.607209481527722,0
Cell8,4000,629.1404956210293,85.0189858947337,3.741168401077375,2.6999962,4.1903734,0.2331541573799654,40.72851100522364,41.791073,0.0354357062606141,2.3538528760642383,8100,4100,42.05744148565157,14.981014105266297,0.6070337823278722,0
Cell8,4100,625.4674043331942,84.5226222071884,3.741772444794745,2.6999161,4.1890903,0.2309362799743402,40.73112211034483,41.853481,0.0352278514765203,2.340481001310144,8100,4000,42.27143768772936,15.477377792811595,0.6044835881152095,0
Cell8,4200,624.585982483317,84.4035111463942,3.740675687931602,2.6999311,4.1893058,0.2325980119031955,40.728607637619206,41.803581,0.0351785643724724,2.3365525480014995,8100,3900,42.33635994553184,15.596488853605806,0.6062569082005376,0
Cell8,4300,622.6337554192608,84.13969667827847,3.740311782678984,2.7000513,4.1895065,0.233250171906563,40.74325073078192,41.791073,0.0350679524708539,2.3289297794668733,8100,3800,42.47218964518255,15.860303321721531,0.6070198882716435,0
Cell8,4400,620.4760864495748,83.84811979048308,3.739845634458789,2.7000113,4.1893458,0.2337711659973925,40.739633171797415,41.778606,0.0349465264007449,2.3206763530948646,8100,3700,42.616306599835774,16.151880209516918,0.6074326561367716,0
Cell8,4500,616.9983768202243,83.37815902976004,3.740739913948069,2.7002518,4.1874619,0.2310677264800479,40.75564514680426,41.841015,0.0347500598290935,2.308214398345664,8100,3600,42.796107724890476,16.62184097023996,0.6036783595296363,0
Cell8,4600,616.3392972988486,83.28909422957413,3.7397197081639457,2.6998911,4.1888647,0.2338292109519199,40.74491722092636,41.76614,0.0347128463909029,2.305166960872162,8100,3500,42.89278644702997,16.710905770425867,0.6069526916703435,0
Cell8,4800,612.2732738059557,82.73963159539942,3.739748949077491,2.6997459,4.1885591,0.2335210469078535,40.754458874203294,41.778606,0.0344849788816645,2.289911991501136,8100,3300,43.171551113823014,17.260368404600584,0.6065002039493366,0
Cell8,5000,607.3262718804694,82.07111782168506,3.739237661447413,2.7000952,4.1869845,0.2319241090456776,40.76247352079811,41.828514,0.0342053537024185,2.2711336354796248,8100,3100,43.46821976219209,17.928882178314936,0.6050632953413343,0
Cell8,5100,605.9417256364678,81.88401697790106,3.7390533857288135,2.7000551,4.187706,0.2333817576191572,40.75054975118644,41.778606,0.0341286319307982,2.265765178263905,8100,3000,43.58824915007538,18.115983022098945,0.606287316582685,0
Cell8,5200,601.8903820841234,81.33653811947615,3.74164007102389,2.7000561,4.1863036,0.2281915124055255,40.34222090580205,41.504078,0.0338997936341911,2.252126241747953,8100,2900,43.84108277928411,18.663461880523855,0.6008966607785262,0
Cell8,5300,601.934788576745,81.34253899685743,3.739097184408052,2.7000158,4.1878672,0.2325475688740655,40.3248641467076,41.429199,0.0339031344046816,2.2509146230045527,8100,2800,43.884069778656624,18.657461003142572,0.6064459670161464,0
Cell8,5400,600.0077753818733,81.08213180836125,3.739085680931188,2.7000158,4.1874261,0.2324555792078298,40.35321696953098,41.45417,0.0337954794522374,2.2435533937330976,8100,2700,44.010805980607245,18.917868191638746,0.6058654311740698,0
Cell8,5500,596.3490335138482,80.58770723160112,3.7412079444559225,2.6999357,4.1854615,0.2281007348025217,40.39077887706612,41.553978,0.0335885228123515,2.231326608469207,8100,2600,44.22586793801499,19.412292768398885,0.6003426426271313,0
Cell8,5600,596.2266060789286,80.571162983639,3.73869064550465,2.7000961,4.1869049,0.2321531897662921,40.34572475163623,41.404228,0.033582151052542,2.2292714207547544,8100,2500,44.272462630854264,19.428837016361,0.6056949385072301,0
Cell8,5700,594.340960205607,80.31634597373068,3.738627099447132,2.7000961,4.1868248,0.2326557318667614,40.39806891845197,41.479103,0.0334775886731222,2.2221915313673533,8100,2400,44.408344524797684,19.683654026269323,0.6056725683146866,0
Cell8,5800,592.0146001761711,80.00197299677988,3.738504059833507,2.7000158,4.1851811,0.2312311756010399,40.40613730350329,41.516544,0.0333453444764018,2.213511078877888,8100,2300,44.537574457404375,19.998027003220116,0.6036176218466128,0
Cell8,5900,590.4843031513402,79.79517610153246,3.738185770434783,2.7000158,4.1868248,0.232933953920802,40.34782473182609,41.404228,0.0332591676851734,2.207485762629101,8100,2200,44.702390380995716,20.204823898467538,0.6062689588719148,1
Cell8,6000,588.5823764392428,79.53815897827606,3.738124648988137,2.6998956,4.1864638,0.2332530700139916,40.39725092986741,41.416733,0.0331532813142985,2.2003719496577654,8100,2100,44.83789547140284,20.46184102172394,0.605863717583599,1
Cell8,6100,585.2882372464059,79.0930050332981,3.73981672154386,2.6999257,4.1837678,0.2292783462941454,40.42143352385965,41.566486,0.0329670227365568,2.1890663297144823,8100,2000,45.008525741964874,20.9069949667019,0.5999338898055946,1
Cell8,6200,585.1320387309231,79.07189712580042,3.7381455188838175,2.7000458,4.1862936,0.2327190278871016,40.376513,41.416733,0.0329583717975765,2.1874505774527035,8100,1900,45.093329118283854,20.92810287419958,0.6056055150218681,1
Cell8,6300,583.2241106854588,78.81406901154848,3.737805538169014,2.7000861,4.1859727,0.2332741217799114,40.39373517464789,41.404228,0.0328509459504857,2.180181848037104,8100,1800,45.229789499822054,21.185930988451517,0.6056312997716023,1
Cell8,6400,579.8709863302748,78.36094409868579,3.740246419582153,2.7000861,4.1828456,0.2286253017376767,40.45381019228045,41.61639,0.0326625180896371,2.169122255179587,8100,1700,45.3949723336882,21.639055901314208,0.5981070005646585,1
Cell8,6500,580.3408685542026,78.42444169651387,3.7381658,2.6999657,4.1857324,0.2327239821110588,40.68152882236377,41.716198,0.0326882424997165,2.169625853542302,8100,1600,45.451242867218035,21.575558303486133,0.6048197297297297,1
Cell8,6600,578.5533542486776,78.18288570928075,3.737935203088393,2.7000058,4.1854916,0.2330277081584473,40.74771351295705,41.741169,0.0325877983123064,2.162741516720333,8100,1500,45.582711757709724,21.817114290719246,0.6048059417724416,1
Cell8,6700,578.0345206396925,78.11277305941789,3.744264557726465,2.7001719,4.1842146,0.2258391256807235,40.71709399751333,41.903389,0.0325584510574117,2.164575464210683,8100,1400,45.57947544579927,21.88722694058211,0.5945270841534256,1
Cell8,6800,577.7142932865601,78.06949909277839,3.739466122111625,2.7002521,4.1858582,0.230829426254904,40.74309724991112,41.828514,0.0325405412586405,2.1605054554863323,8100,1300,45.65260410354838,21.930500907221614,0.6032325376869935,1
Cell8,6900,576.4201292408752,77.89461205957772,3.7386817352333455,2.6998513,4.1858582,0.2319746429907193,40.79872186177414,41.853481,0.0324687591055408,2.1552592531112147,8100,1200,45.76587387574491,22.105387940422276,0.6042925199549388,1
Cell8,7000,573.0210856189168,77.43528184039417,3.74294383609319,2.7000518,4.1832123,0.2258399849533384,40.75725090107527,41.940826,0.0322748769540339,2.144939248280466,8100,1100,45.95260113651636,22.56471815960583,0.5949573836578513,1
Cell8,7100,574.6346477946778,77.65333078306456,3.7386811463188,2.7000918,4.1891456,0.2324132311451472,40.79804461258041,41.853481,0.0323680458823218,2.148520741057897,8100,1000,46.00240011440187,22.34666921693544,0.6087357482178377,1
Cell8,7200,571.4523631333856,77.22329231532238,3.736830236112109,2.6998112,4.1853371,0.2327993816662324,40.738884561264825,41.803581,0.0321885810699313,2.1356688576899323,8100,900,46.14927720782451,22.776707684677618,0.6060903566052582,1
Cell8,7300,569.8082029910108,77.00110851229877,3.736494877621621,2.7000115,4.1850162,0.2334403597236458,40.79462149981982,41.841015,0.0320962596451863,2.129331229785808,8100,800,46.26577833795569,22.99889148770123,0.6061098951059171,1
Cell8,7400,567.5662622753906,76.69814355072846,3.736765582416787,2.6999314,4.18225,0.2307010594466506,40.60146258176556,41.728703,0.0319686245638877,2.1211132269544524,8100,700,46.36646880346538,23.30185644927154,0.6020059697070445,1
Cell8,7500,566.657307630317,76.57531184193472,3.735530901123596,2.7000518,4.1842947,0.2334443186514577,40.598971084813336,41.653828,0.0319180373335257,2.1168819809879444,8100,600,46.50024010721171,23.42468815806528,0.6064375660491942,1
Cell8,7600,565.3637467862752,76.40050632246962,3.7352430592081367,2.7002923,4.1842146,0.23398983533313,40.64332854086452,41.703732,0.0318456350360065,2.1119415962685024,8100,500,46.595889905550294,23.599493677530376,0.6067182983673826,1
Cell8,7700,562.9671093293153,76.07663639585343,3.7365321754834007,2.7000115,4.1811676,0.2303533434243688,40.598782587012046,41.778606,0.031709372298792,2.1036663862713567,8100,400,46.70888395896962,23.923363604146573,0.6008586817791886,1
Cell8,7800,562.6004974372796,76.02709424828103,3.734292437591241,2.7000518,4.1840138,0.2345255783237212,40.573826506204384,41.641361,0.0316899728495627,2.1011791065437144,8100,300,46.82601594606702,23.97290575171897,0.6077315708226471,1
Cell8,7900,561.1111478911845,75.825830796106,3.734347423316252,2.6999314,4.1837735,0.2342434739357504,40.62379052635432,41.716198,0.031605623778887,2.095498162230823,8100,200,46.947187728136775,24.174169203893996,0.6073325360591191,1
Cell8,8000,558.1610835707194,75.42717345550261,3.7366520384473874,2.6999714,4.1804457,0.22993695443697,40.60300322075055,41.841015,0.0314401107607409,2.0858324087611573,8100,100,47.08721365685978,24.57282654449739,0.5997211642602873,1
Cell8,8100,558.9581404180535,75.5348838402775,3.733621484202792,2.7000918,4.1833725,0.2343429828072767,40.56398922409993,41.653828,0.0314838226186111,2.08716226972854,8100,0,47.11097527744091,24.4651161597225,0.6077716429692,1
